time_utc,time_local,pred_linear_regression,pred_random_forest
2026-09-17 04:00:00+00:00,2026-09-17 00:00:00-04:00,66.70792064797978,70.73463643949142
2026-09-17 05:00:00+00:00,2026-09-17 01:00:00-04:00,65.32015744977068,69.02931195841698
2026-09-17 06:00:00+00:00,2026-09-17 02:00:00-04:00,64.32478948659603,64.15230607705203
2026-09-17 07:00:00+00:00,2026-09-17 03:00:00-04:00,63.78964944022286,64.00072050429145
2026-09-17 08:00:00+00:00,2026-09-17 04:00:00-04:00,63.75120622045076,63.67901176095146
2026-09-17 09:00:00+00:00,2026-09-17 05:00:00-04:00,64.21207966917677,63.30706916876127
2026-09-17 10:00:00+00:00,2026-09-17 06:00:00-04:00,65.14086202249959,63.25366661367745
2026-09-17 11:00:00+00:00,2026-09-17 07:00:00-04:00,66.4742582979257,63.23525160646244
2026-09-17 12:00:00+00:00,2026-09-17 08:00:00-04:00,68.12139974282633,63.52832253016595
2026-09-17 13:00:00+00:00,2026-09-17 09:00:00-04:00,69.97003638976143,71.07947985854017
2026-09-17 14:00:00+00:00,2026-09-17 10:00:00-04:00,71.89418670625889,74.23390656585207
2026-09-17 15:00:00+00:00,2026-09-17 11:00:00-04:00,73.76272302805816,78.188393421343
2026-09-17 16:00:00+00:00,2026-09-17 12:00:00-04:00,75.44830769273089,79.38248513937944
2026-09-17 17:00:00+00:00,2026-09-17 13:00:00-04:00,76.83607089094,80.57089654079408
2026-09-17 18:00:00+00:00,2026-09-17 14:00:00-04:00,77.83143885411464,81.36949979962243
2026-09-17 19:00:00+00:00,2026-09-17 15:00:00-04:00,78.36657890048781,81.69269573093786
2026-09-17 20:00:00+00:00,2026-09-17 16:00:00-04:00,78.40502212025991,81.77006069220211
2026-09-17 21:00:00+00:00,2026-09-17 17:00:00-04:00,77.9441486715339,81.67140192319333
2026-09-17 22:00:00+00:00,2026-09-17 18:00:00-04:00,77.01536631821108,80.96011205939357
2026-09-17 23:00:00+00:00,2026-09-17 19:00:00-04:00,75.68197004278498,79.69578155257449
2026-09-18 00:00:00+00:00,2026-09-17 20:00:00-04:00,74.03488659758385,72.68935000186646
2026-09-18 01:00:00+00:00,2026-09-17 21:00:00-04:00,72.18624995064874,72.48097641601605
2026-09-18 02:00:00+00:00,2026-09-17 22:00:00-04:00,70.26209963415127,71.61033415194838
2026-09-18 03:00:00+00:00,2026-09-17 23:00:00-04:00,68.393563312352,70.83545973772098
2026-09-18 04:00:00+00:00,2026-09-18 00:00:00-04:00,66.42631835528056,70.76534771224645
2026-09-18 05:00:00+00:00,2026-09-18 01:00:00-04:00,65.03855515707146,69.0430303650104
2026-09-18 06:00:00+00:00,2026-09-18 02:00:00-04:00,64.04318719389681,64.15230607705203
2026-09-18 07:00:00+00:00,2026-09-18 03:00:00-04:00,63.50804714752364,64.00072050429145
2026-09-18 08:00:00+00:00,2026-09-18 04:00:00-04:00,63.469603927751535,63.6847809917207
2026-09-18 09:00:00+00:00,2026-09-18 05:00:00-04:00,63.93047737647755,63.3128383995305
2026-09-18 10:00:00+00:00,2026-09-18 06:00:00-04:00,64.85925972980037,63.25943584444669
2026-09-18 11:00:00+00:00,2026-09-18 07:00:00-04:00,66.19265600522648,63.24102083723168
2026-09-18 12:00:00+00:00,2026-09-18 08:00:00-04:00,67.8397974501271,63.53409176093519
2026-09-18 13:00:00+00:00,2026-09-18 09:00:00-04:00,69.68843409706221,71.21473391559422
2026-09-18 14:00:00+00:00,2026-09-18 10:00:00-04:00,71.61258441355967,74.34926217029879
2026-09-18 15:00:00+00:00,2026-09-18 11:00:00-04:00,73.48112073535894,78.20511451922658
2026-09-18 16:00:00+00:00,2026-09-18 12:00:00-04:00,75.16670540003167,79.37618771874452
2026-09-18 17:00:00+00:00,2026-09-18 13:00:00-04:00,76.55446859824077,80.60696618365122
2026-09-18 18:00:00+00:00,2026-09-18 14:00:00-04:00,77.54983656141542,81.40444604504367
2026-09-18 19:00:00+00:00,2026-09-18 15:00:00-04:00,78.08497660778859,81.7276419763591
2026-09-18 20:00:00+00:00,2026-09-18 16:00:00-04:00,78.1234198275607,81.79770693762335
2026-09-18 21:00:00+00:00,2026-09-18 17:00:00-04:00,77.66254637883469,81.69904816861457
2026-09-18 22:00:00+00:00,2026-09-18 18:00:00-04:00,76.73376402551186,80.9715440191005
2026-09-18 23:00:00+00:00,2026-09-18 19:00:00-04:00,75.40036775008576,79.6793034861964
2026-09-19 00:00:00+00:00,2026-09-18 20:00:00-04:00,73.75328430488463,72.84339716891509
2026-09-19 01:00:00+00:00,2026-09-18 21:00:00-04:00,71.90464765794952,72.60101885168496
2026-09-19 02:00:00+00:00,2026-09-18 22:00:00-04:00,69.98049734145205,71.72386964802911
2026-09-19 03:00:00+00:00,2026-09-18 23:00:00-04:00,68.11196101965278,70.86708443038943
2026-09-19 04:00:00+00:00,2026-09-19 00:00:00-04:00,66.14198710307511,70.67271820425444
2026-09-19 05:00:00+00:00,2026-09-19 01:00:00-04:00,64.75422390486601,69.07652234255039
2026-09-19 06:00:00+00:00,2026-09-19 02:00:00-04:00,63.758855941691365,64.52125750555774
2026-09-19 07:00:00+00:00,2026-09-19 03:00:00-04:00,63.22371589531819,64.40809005634028
2026-09-19 08:00:00+00:00,2026-09-19 04:00:00-04:00,63.185272675546095,64.01858483864133
2026-09-19 09:00:00+00:00,2026-09-19 05:00:00-04:00,63.6461461242721,63.613491211995814
2026-09-19 10:00:00+00:00,2026-09-19 06:00:00-04:00,64.57492847759492,63.564137520548364
2026-09-19 11:00:00+00:00,2026-09-19 07:00:00-04:00,65.90832475302103,63.54572251333336
2026-09-19 12:00:00+00:00,2026-09-19 08:00:00-04:00,67.55546619792165,63.843105849697295
2026-09-19 13:00:00+00:00,2026-09-19 09:00:00-04:00,69.40410284485677,71.30217971285252
2026-09-19 14:00:00+00:00,2026-09-19 10:00:00-04:00,71.32825316135423,74.68702164277077
2026-09-19 15:00:00+00:00,2026-09-19 11:00:00-04:00,73.1967894831535,78.26576807314817
2026-09-19 16:00:00+00:00,2026-09-19 12:00:00-04:00,74.88237414782623,79.4673619084437
2026-09-19 17:00:00+00:00,2026-09-19 13:00:00-04:00,76.27013734603533,80.71020603546606
2026-09-19 18:00:00+00:00,2026-09-19 14:00:00-04:00,77.26550530920997,81.58570938937477
2026-09-19 19:00:00+00:00,2026-09-19 15:00:00-04:00,77.80064535558314,81.88007690188678
2026-09-19 20:00:00+00:00,2026-09-19 16:00:00-04:00,77.83908857535525,81.94862519648437
2026-09-19 21:00:00+00:00,2026-09-19 17:00:00-04:00,77.37821512662924,81.82871960207878
2026-09-19 22:00:00+00:00,2026-09-19 18:00:00-04:00,76.44943277330641,81.04208606178007
2026-09-19 23:00:00+00:00,2026-09-19 19:00:00-04:00,75.11603649788032,79.7014931687361
2026-09-20 00:00:00+00:00,2026-09-19 20:00:00-04:00,73.46895305267918,72.90463012831681
2026-09-20 01:00:00+00:00,2026-09-19 21:00:00-04:00,71.62031640574408,72.63330338451324
2026-09-20 02:00:00+00:00,2026-09-19 22:00:00-04:00,69.6961660892466,71.71188707019027
2026-09-20 03:00:00+00:00,2026-09-19 23:00:00-04:00,67.82762976744733,70.80137599021849
2026-09-20 04:00:00+00:00,2026-09-20 00:00:00-04:00,65.85501104671845,70.6336604661592
2026-09-20 05:00:00+00:00,2026-09-20 01:00:00-04:00,64.46724784850934,69.03831301715357
2026-09-20 06:00:00+00:00,2026-09-20 02:00:00-04:00,63.47187988533471,64.50940155317679
2026-09-20 07:00:00+00:00,2026-09-20 03:00:00-04:00,62.93673983896154,64.38469243729267
2026-09-20 08:00:00+00:00,2026-09-20 04:00:00-04:00,62.89829661918944,64.0069522989588
2026-09-20 09:00:00+00:00,2026-09-20 05:00:00-04:00,63.35917006791545,63.60885271993232
2026-09-20 10:00:00+00:00,2026-09-20 06:00:00-04:00,64.28795242123827,63.55949902848488
2026-09-20 11:00:00+00:00,2026-09-20 07:00:00-04:00,65.62134869666437,63.541058768744605
2026-09-20 12:00:00+00:00,2026-09-20 08:00:00-04:00,67.268490141565,63.831448057489496
2026-09-20 13:00:00+00:00,2026-09-20 09:00:00-04:00,69.11712678850012,71.2050084826938
2026-09-20 14:00:00+00:00,2026-09-20 10:00:00-04:00,71.04127710499758,74.49433128868043
2026-09-20 15:00:00+00:00,2026-09-20 11:00:00-04:00,72.90981342679684,78.22983023321032
2026-09-20 16:00:00+00:00,2026-09-20 12:00:00-04:00,74.59539809146958,79.44004706356637
2026-09-20 17:00:00+00:00,2026-09-20 13:00:00-04:00,75.98316128967868,80.6760567750043
2026-09-20 18:00:00+00:00,2026-09-20 14:00:00-04:00,76.97852925285332,81.55156012891301
2026-09-20 19:00:00+00:00,2026-09-20 15:00:00-04:00,77.51366929922648,81.85673106022844
2026-09-20 20:00:00+00:00,2026-09-20 16:00:00-04:00,77.55211251899858,81.9273835214927
2026-09-20 21:00:00+00:00,2026-09-20 17:00:00-04:00,77.09123907027258,81.80173929072345
2026-09-20 22:00:00+00:00,2026-09-20 18:00:00-04:00,76.16245671694976,80.96887330925482
2026-09-20 23:00:00+00:00,2026-09-20 19:00:00-04:00,74.82906044152365,79.61836347898141
2026-09-21 00:00:00+00:00,2026-09-20 20:00:00-04:00,73.18197699632253,72.83550716378134
2026-09-21 01:00:00+00:00,2026-09-20 21:00:00-04:00,71.33334034938741,72.59680722650457
2026-09-21 02:00:00+00:00,2026-09-20 22:00:00-04:00,69.40919003288995,71.6875369078526
2026-09-21 03:00:00+00:00,2026-09-20 23:00:00-04:00,67.54065371109068,70.76231825212325
2026-09-21 04:00:00+00:00,2026-09-21 00:00:00-04:00,65.56547512420572,70.49628444634568
2026-09-21 05:00:00+00:00,2026-09-21 01:00:00-04:00,64.17771192599662,68.96731200289005
2026-09-21 06:00:00+00:00,2026-09-21 02:00:00-04:00,63.18234396282197,64.38162197372846
2026-09-21 07:00:00+00:00,2026-09-21 03:00:00-04:00,62.6472039164488,64.24605531816181
2026-09-21 08:00:00+00:00,2026-09-21 04:00:00-04:00,62.6087606966767,63.88994643745917
2026-09-21 09:00:00+00:00,2026-09-21 05:00:00-04:00,63.06963414540271,63.55886273144858
2026-09-21 10:00:00+00:00,2026-09-21 06:00:00-04:00,63.99841649872553,63.49764388848598
2026-09-21 11:00:00+00:00,2026-09-21 07:00:00-04:00,65.33181277415164,63.482975706667794
2026-09-21 12:00:00+00:00,2026-09-21 08:00:00-04:00,66.97895421905226,63.7328384081111
2026-09-21 13:00:00+00:00,2026-09-21 09:00:00-04:00,68.82759086598737,70.62634143585177
2026-09-21 14:00:00+00:00,2026-09-21 10:00:00-04:00,70.75174118248484,73.9182302959232
2026-09-21 15:00:00+00:00,2026-09-21 11:00:00-04:00,72.6202775042841,78.08521512748273
2026-09-21 16:00:00+00:00,2026-09-21 12:00:00-04:00,74.30586216895684,79.3878907865101
2026-09-21 17:00:00+00:00,2026-09-21 13:00:00-04:00,75.69362536716594,80.48395160656165
2026-09-21 18:00:00+00:00,2026-09-21 14:00:00-04:00,76.68899333034058,81.27323751680291
2026-09-21 19:00:00+00:00,2026-09-21 15:00:00-04:00,77.22413337671375,81.57216321002309
2026-09-21 20:00:00+00:00,2026-09-21 16:00:00-04:00,77.26257659648584,81.65275019509687
2026-09-21 21:00:00+00:00,2026-09-21 17:00:00-04:00,76.80170314775984,81.50368774643442
2026-09-21 22:00:00+00:00,2026-09-21 18:00:00-04:00,75.87292079443702,80.73237992763643
2026-09-21 23:00:00+00:00,2026-09-21 19:00:00-04:00,74.53952451901091,79.52318488257781
2026-09-22 00:00:00+00:00,2026-09-21 20:00:00-04:00,72.89244107380979,72.79005885237054
2026-09-22 01:00:00+00:00,2026-09-21 21:00:00-04:00,71.04380442687469,72.55407141509377
2026-09-22 02:00:00+00:00,2026-09-21 22:00:00-04:00,69.11965411037721,71.59122695669267
2026-09-22 03:00:00+00:00,2026-09-21 23:00:00-04:00,67.25111778857794,70.65418307480057
2026-09-22 04:00:00+00:00,2026-09-22 00:00:00-04:00,65.2734650310376,70.34137571663373
2026-09-22 05:00:00+00:00,2026-09-22 01:00:00-04:00,63.8857018328285,68.84536717177949
2026-09-22 06:00:00+00:00,2026-09-22 02:00:00-04:00,62.89033386965386,64.21664206336105
2026-09-22 07:00:00+00:00,2026-09-22 03:00:00-04:00,62.35519382328069,64.04463449870347
2026-09-22 08:00:00+00:00,2026-09-22 04:00:00-04:00,62.31675060350859,63.710569904596596
2026-09-22 09:00:00+00:00,2026-09-22 05:00:00-04:00,62.7776240522346,63.272655599506734
2026-09-22 10:00:00+00:00,2026-09-22 06:00:00-04:00,63.70640640555742,63.21468675654414
2026-09-22 11:00:00+00:00,2026-09-22 07:00:00-04:00,65.03980268098353,63.20400607472596
2026-09-22 12:00:00+00:00,2026-09-22 08:00:00-04:00,66.68694412588415,63.490209127995776
2026-09-22 13:00:00+00:00,2026-09-22 09:00:00-04:00,68.53558077281926,70.00232293976451
2026-09-22 14:00:00+00:00,2026-09-22 10:00:00-04:00,70.45973108931673,73.18896597997596
2026-09-22 15:00:00+00:00,2026-09-22 11:00:00-04:00,72.328267411116,77.80235374025884
2026-09-22 16:00:00+00:00,2026-09-22 12:00:00-04:00,74.01385207578873,79.02718403256144
2026-09-22 17:00:00+00:00,2026-09-22 13:00:00-04:00,75.40161527399783,79.99122063916303
2026-09-22 18:00:00+00:00,2026-09-22 14:00:00-04:00,76.39698323717246,80.8600799621027
2026-09-22 19:00:00+00:00,2026-09-22 15:00:00-04:00,76.93212328354564,81.1536765608063
2026-09-22 20:00:00+00:00,2026-09-22 16:00:00-04:00,76.97056650331774,81.22112187921341
2026-09-22 21:00:00+00:00,2026-09-22 17:00:00-04:00,76.50969305459174,81.01559712896366
2026-09-22 22:00:00+00:00,2026-09-22 18:00:00-04:00,75.5809107012689,80.10971277575239
2026-09-22 23:00:00+00:00,2026-09-22 19:00:00-04:00,74.24751442584281,78.93702200378992
2026-09-23 00:00:00+00:00,2026-09-22 20:00:00-04:00,72.60043098064168,72.78749558304182
2026-09-23 01:00:00+00:00,2026-09-22 21:00:00-04:00,70.75179433370657,72.6008803818623
2026-09-23 02:00:00+00:00,2026-09-22 22:00:00-04:00,68.82764401720911,71.68278663182146
2026-09-23 03:00:00+00:00,2026-09-22 23:00:00-04:00,66.95910769540984,70.60793282688458
2026-09-23 04:00:00+00:00,2026-09-23 00:00:00-04:00,64.9790671948617,70.52135316973617
2026-09-23 05:00:00+00:00,2026-09-23 01:00:00-04:00,63.5913039966526,68.92972196004675
2026-09-23 06:00:00+00:00,2026-09-23 02:00:00-04:00,62.595936033477955,64.22015651178025
2026-09-23 07:00:00+00:00,2026-09-23 03:00:00-04:00,62.06079598710479,64.06369042231415
2026-09-23 08:00:00+00:00,2026-09-23 04:00:00-04:00,62.022352767332684,63.734358138952096
2026-09-23 09:00:00+00:00,2026-09-23 05:00:00-04:00,62.483226216058696,63.26656811815635
2026-09-23 10:00:00+00:00,2026-09-23 06:00:00-04:00,63.41200856938152,63.22566004636703
2026-09-23 11:00:00+00:00,2026-09-23 07:00:00-04:00,64.74540484480762,63.21100158677106
2026-09-23 12:00:00+00:00,2026-09-23 08:00:00-04:00,66.39254628970825,63.53501088795965
2026-09-23 13:00:00+00:00,2026-09-23 09:00:00-04:00,68.24118293664336,69.03511312662013
2026-09-23 14:00:00+00:00,2026-09-23 10:00:00-04:00,70.16533325314083,71.134659057201
2026-09-23 15:00:00+00:00,2026-09-23 11:00:00-04:00,72.0338695749401,77.81857934398691
2026-09-23 16:00:00+00:00,2026-09-23 12:00:00-04:00,73.71945423961283,79.83678358059639
2026-09-23 17:00:00+00:00,2026-09-23 13:00:00-04:00,75.10721743782193,80.65069854814517
2026-09-23 18:00:00+00:00,2026-09-23 14:00:00-04:00,76.10258540099656,81.3791386466496
2026-09-23 19:00:00+00:00,2026-09-23 15:00:00-04:00,76.63772544736973,81.57841146133491
2026-09-23 20:00:00+00:00,2026-09-23 16:00:00-04:00,76.67616866714184,81.5553137590372
2026-09-23 21:00:00+00:00,2026-09-23 17:00:00-04:00,76.21529521841583,80.8075233402455
2026-09-23 22:00:00+00:00,2026-09-23 18:00:00-04:00,75.286512865093,79.89725591593862
2026-09-23 23:00:00+00:00,2026-09-23 19:00:00-04:00,73.9531165896669,79.24358703086125
2026-09-24 00:00:00+00:00,2026-09-23 20:00:00-04:00,72.30603314446577,73.33043010929345
2026-09-24 01:00:00+00:00,2026-09-23 21:00:00-04:00,70.45739649753067,73.20540706497664
2026-09-24 02:00:00+00:00,2026-09-23 22:00:00-04:00,68.5332461810332,72.28343798569632
2026-09-24 03:00:00+00:00,2026-09-23 23:00:00-04:00,66.66470985923394,70.94139539070963
2026-09-24 04:00:00+00:00,2026-09-24 00:00:00-04:00,64.6823687498972,70.8854261379036
2026-09-24 05:00:00+00:00,2026-09-24 01:00:00-04:00,63.29460555168809,69.35920368188741
2026-09-24 06:00:00+00:00,2026-09-24 02:00:00-04:00,62.29923758851345,65.19454352134791
2026-09-24 07:00:00+00:00,2026-09-24 03:00:00-04:00,61.76409754214028,65.13219237388425
2026-09-24 08:00:00+00:00,2026-09-24 04:00:00-04:00,61.72565432236818,64.93355148560586
2026-09-24 09:00:00+00:00,2026-09-24 05:00:00-04:00,62.186527771094184,64.71099785475958
2026-09-24 10:00:00+00:00,2026-09-24 06:00:00-04:00,63.11531012441701,64.65219142438441
2026-09-24 11:00:00+00:00,2026-09-24 07:00:00-04:00,64.44870639984312,64.66051806579856
2026-09-24 12:00:00+00:00,2026-09-24 08:00:00-04:00,66.09584784474374,64.82707192582741
2026-09-24 13:00:00+00:00,2026-09-24 09:00:00-04:00,67.94448449167885,69.12965355147303
2026-09-24 14:00:00+00:00,2026-09-24 10:00:00-04:00,69.86863480817631,71.16050685939881
2026-09-24 15:00:00+00:00,2026-09-24 11:00:00-04:00,71.73717112997558,77.9727498171412
2026-09-24 16:00:00+00:00,2026-09-24 12:00:00-04:00,73.42275579464831,80.50648699166331
2026-09-24 17:00:00+00:00,2026-09-24 13:00:00-04:00,74.81051899285741,81.43102027292454
2026-09-24 18:00:00+00:00,2026-09-24 14:00:00-04:00,75.80588695603205,82.0684092905654
2026-09-24 19:00:00+00:00,2026-09-24 15:00:00-04:00,76.34102700240523,82.30419123778483
2026-09-24 20:00:00+00:00,2026-09-24 16:00:00-04:00,76.37947022217733,82.20793373556482
2026-09-24 21:00:00+00:00,2026-09-24 17:00:00-04:00,75.91859677345131,81.26933219717377
2026-09-24 22:00:00+00:00,2026-09-24 18:00:00-04:00,74.9898144201285,80.28015221841069
2026-09-24 23:00:00+00:00,2026-09-24 19:00:00-04:00,73.6564181447024,79.66420443722942
2026-09-25 00:00:00+00:00,2026-09-24 20:00:00-04:00,72.00933469950127,73.51059874329101
2026-09-25 01:00:00+00:00,2026-09-24 21:00:00-04:00,70.16069805256616,73.42637948685301
2026-09-25 02:00:00+00:00,2026-09-24 22:00:00-04:00,68.23654773606869,72.65739841831926
2026-09-25 03:00:00+00:00,2026-09-24 23:00:00-04:00,66.36801141426942,71.1999505919218
2026-09-25 04:00:00+00:00,2026-09-25 00:00:00-04:00,64.38345751115041,70.8823187355837
2026-09-25 05:00:00+00:00,2026-09-25 01:00:00-04:00,62.99569431294132,69.43718736323875
2026-09-25 06:00:00+00:00,2026-09-25 02:00:00-04:00,62.000326349766674,65.65394928723235
2026-09-25 07:00:00+00:00,2026-09-25 03:00:00-04:00,61.46518630339351,65.61506836260142
2026-09-25 08:00:00+00:00,2026-09-25 04:00:00-04:00,61.4267430836214,65.4768803436759
2026-09-25 09:00:00+00:00,2026-09-25 05:00:00-04:00,61.887616532347415,65.31206149610192
2026-09-25 10:00:00+00:00,2026-09-25 06:00:00-04:00,62.81639888567024,65.23067443802111
2026-09-25 11:00:00+00:00,2026-09-25 07:00:00-04:00,64.14979516109634,65.24412030742947
2026-09-25 12:00:00+00:00,2026-09-25 08:00:00-04:00,65.79693660599696,65.34451081275748
2026-09-25 13:00:00+00:00,2026-09-25 09:00:00-04:00,67.64557325293207,69.12035719382742
2026-09-25 14:00:00+00:00,2026-09-25 10:00:00-04:00,69.56972356942954,71.20013329285096
2026-09-25 15:00:00+00:00,2026-09-25 11:00:00-04:00,71.43825989122881,77.81240923414964
2026-09-25 16:00:00+00:00,2026-09-25 12:00:00-04:00,73.12384455590154,80.2695392783021
2026-09-25 17:00:00+00:00,2026-09-25 13:00:00-04:00,74.51160775411064,81.19034297248376
2026-09-25 18:00:00+00:00,2026-09-25 14:00:00-04:00,75.50697571728529,81.82427933860944
2026-09-25 19:00:00+00:00,2026-09-25 15:00:00-04:00,76.04211576365844,82.03267032262544
2026-09-25 20:00:00+00:00,2026-09-25 16:00:00-04:00,76.08055898343055,81.9052117922669
2026-09-25 21:00:00+00:00,2026-09-25 17:00:00-04:00,75.61968553470454,80.95484239673297
2026-09-25 22:00:00+00:00,2026-09-25 18:00:00-04:00,74.69090318138171,79.9849156161606
2026-09-25 23:00:00+00:00,2026-09-25 19:00:00-04:00,73.35750690595562,79.41604796318445
2026-09-26 00:00:00+00:00,2026-09-25 20:00:00-04:00,71.7104234607545,73.17518355708832
2026-09-26 01:00:00+00:00,2026-09-25 21:00:00-04:00,69.86178681381938,73.08599564985666
2026-09-26 02:00:00+00:00,2026-09-25 22:00:00-04:00,67.93763649732192,72.37594322490155
2026-09-26 03:00:00+00:00,2026-09-25 23:00:00-04:00,66.06910017552265,71.0006177927765
2026-09-26 04:00:00+00:00,2026-09-26 00:00:00-04:00,64.08242194842896,70.64817787921783
2026-09-26 05:00:00+00:00,2026-09-26 01:00:00-04:00,62.69465875021986,69.01663006636895
2026-09-26 06:00:00+00:00,2026-09-26 02:00:00-04:00,61.699290787045214,65.21782361845666
2026-09-26 07:00:00+00:00,2026-09-26 03:00:00-04:00,61.16415074067205,65.16559269382574
2026-09-26 08:00:00+00:00,2026-09-26 04:00:00-04:00,61.125707520899944,65.0336963415669
2026-09-26 09:00:00+00:00,2026-09-26 05:00:00-04:00,61.586580969625956,64.86283719124009
2026-09-26 10:00:00+00:00,2026-09-26 06:00:00-04:00,62.51536332294878,64.78145013315928
2026-09-26 11:00:00+00:00,2026-09-26 07:00:00-04:00,63.84875959837488,64.80008350256766
2026-09-26 12:00:00+00:00,2026-09-26 08:00:00-04:00,65.49590104327551,64.89224966418382
2026-09-26 13:00:00+00:00,2026-09-26 09:00:00-04:00,67.34453769021061,69.05909809736832
2026-09-26 14:00:00+00:00,2026-09-26 10:00:00-04:00,69.26868800670809,70.98117971032238
2026-09-26 15:00:00+00:00,2026-09-26 11:00:00-04:00,71.13722432850736,77.53812598727953
2026-09-26 16:00:00+00:00,2026-09-26 12:00:00-04:00,72.82280899318008,79.98096950823299
2026-09-26 17:00:00+00:00,2026-09-26 13:00:00-04:00,74.21057219138919,80.87763663481556
2026-09-26 18:00:00+00:00,2026-09-26 14:00:00-04:00,75.20594015456382,81.49528818853143
2026-09-26 19:00:00+00:00,2026-09-26 15:00:00-04:00,75.74108020093699,81.66460753030077
2026-09-26 20:00:00+00:00,2026-09-26 16:00:00-04:00,75.7795234207091,81.56671780336103
2026-09-26 21:00:00+00:00,2026-09-26 17:00:00-04:00,75.31864997198309,80.65659703420074
2026-09-26 22:00:00+00:00,2026-09-26 18:00:00-04:00,74.38986761866026,79.71343713397027
2026-09-26 23:00:00+00:00,2026-09-26 19:00:00-04:00,73.05647134323416,79.13800580855546
2026-09-27 00:00:00+00:00,2026-09-26 20:00:00-04:00,71.40938789803303,73.00321348133072
2026-09-27 01:00:00+00:00,2026-09-26 21:00:00-04:00,69.56075125109793,72.91402557409906
2026-09-27 02:00:00+00:00,2026-09-26 22:00:00-04:00,67.63660093460047,72.19344953803285
2026-09-27 03:00:00+00:00,2026-09-26 23:00:00-04:00,65.7680646128012,70.74614836498206
2026-09-27 04:00:00+00:00,2026-09-27 00:00:00-04:00,63.77935116016209,69.97769870663603
2026-09-27 05:00:00+00:00,2026-09-27 01:00:00-04:00,62.39158796195299,68.44601131808504
2026-09-27 06:00:00+00:00,2026-09-27 02:00:00-04:00,61.396219998778356,64.71749018534565
2026-09-27 07:00:00+00:00,2026-09-27 03:00:00-04:00,60.861079952405184,64.66288885334433
2026-09-27 08:00:00+00:00,2026-09-27 04:00:00-04:00,60.822636732633086,64.51615767965691
2026-09-27 09:00:00+00:00,2026-09-27 05:00:00-04:00,61.28351018135909,64.30932802067213
2026-09-27 10:00:00+00:00,2026-09-27 06:00:00-04:00,62.212292534681914,64.23238143878179
2026-09-27 11:00:00+00:00,2026-09-27 07:00:00-04:00,63.54568881010802,64.22990925263461
2026-09-27 12:00:00+00:00,2026-09-27 08:00:00-04:00,65.19283025500864,64.35758322449607
2026-09-27 13:00:00+00:00,2026-09-27 09:00:00-04:00,67.04146690194375,68.62350618984775
2026-09-27 14:00:00+00:00,2026-09-27 10:00:00-04:00,68.96561721844122,70.56814355677007
2026-09-27 15:00:00+00:00,2026-09-27 11:00:00-04:00,70.8341535402405,74.16128566282573
2026-09-27 16:00:00+00:00,2026-09-27 12:00:00-04:00,72.51973820491322,74.92615515543108
2026-09-27 17:00:00+00:00,2026-09-27 13:00:00-04:00,73.90750140312232,75.43000199747794
2026-09-27 18:00:00+00:00,2026-09-27 14:00:00-04:00,74.90286936629695,76.14047946205197
2026-09-27 19:00:00+00:00,2026-09-27 15:00:00-04:00,75.43800941267013,76.42369262984823
2026-09-27 20:00:00+00:00,2026-09-27 16:00:00-04:00,75.47645263244223,76.49864669730854
2026-09-27 21:00:00+00:00,2026-09-27 17:00:00-04:00,75.01557918371623,76.30538120405997
2026-09-27 22:00:00+00:00,2026-09-27 18:00:00-04:00,74.0867968303934,75.66497400451505
2026-09-27 23:00:00+00:00,2026-09-27 19:00:00-04:00,72.7534005549673,75.1386746985922
2026-09-28 00:00:00+00:00,2026-09-27 20:00:00-04:00,71.10631710976617,71.77913016917726
2026-09-28 01:00:00+00:00,2026-09-27 21:00:00-04:00,69.25768046283106,71.66338731689066
2026-09-28 02:00:00+00:00,2026-09-27 22:00:00-04:00,67.3335301463336,70.89143019904071
2026-09-28 03:00:00+00:00,2026-09-27 23:00:00-04:00,65.46499382453433,70.05180835185195
2026-09-28 04:00:00+00:00,2026-09-28 00:00:00-04:00,63.47433484703503,69.46627826233359
2026-09-28 05:00:00+00:00,2026-09-28 01:00:00-04:00,62.08657164882593,68.00190811071234
2026-09-28 06:00:00+00:00,2026-09-28 02:00:00-04:00,61.09120368565129,64.53868703363624
2026-09-28 07:00:00+00:00,2026-09-28 03:00:00-04:00,60.55606363927812,64.48408570163491
2026-09-28 08:00:00+00:00,2026-09-28 04:00:00-04:00,60.51762041950602,64.28559972996769
2026-09-28 09:00:00+00:00,2026-09-28 05:00:00-04:00,60.97849386823203,64.09050803889734
2026-09-28 10:00:00+00:00,2026-09-28 06:00:00-04:00,61.90727622155485,64.04133706889512
2026-09-28 11:00:00+00:00,2026-09-28 07:00:00-04:00,63.240672496980956,64.03193154941461
2026-09-28 12:00:00+00:00,2026-09-28 08:00:00-04:00,64.88781394188157,64.16414966014374
2026-09-28 13:00:00+00:00,2026-09-28 09:00:00-04:00,66.7364505888167,68.48536767689012
2026-09-28 14:00:00+00:00,2026-09-28 10:00:00-04:00,68.66060090531415,70.29603002585652
2026-09-28 15:00:00+00:00,2026-09-28 11:00:00-04:00,70.52913722711342,73.75978473736231
2026-09-28 16:00:00+00:00,2026-09-28 12:00:00-04:00,72.21472189178616,74.55634150380492
2026-09-28 17:00:00+00:00,2026-09-28 13:00:00-04:00,73.60248508999526,74.95842781471625
2026-09-28 18:00:00+00:00,2026-09-28 14:00:00-04:00,74.5978530531699,75.55082537797816
2026-09-28 19:00:00+00:00,2026-09-28 15:00:00-04:00,75.13299309954306,75.8553186319464
2026-09-28 20:00:00+00:00,2026-09-28 16:00:00-04:00,75.17143631931518,75.92322317740097
2026-09-28 21:00:00+00:00,2026-09-28 17:00:00-04:00,74.71056287058916,75.7314558155961
2026-09-28 22:00:00+00:00,2026-09-28 18:00:00-04:00,73.78178051726633,75.2750155532441
2026-09-28 23:00:00+00:00,2026-09-28 19:00:00-04:00,72.44838424184023,74.76829303719805
2026-09-29 00:00:00+00:00,2026-09-28 20:00:00-04:00,70.80130079663911,71.34785653794738
2026-09-29 01:00:00+00:00,2026-09-28 21:00:00-04:00,68.952664149704,71.25383338263046
2026-09-29 02:00:00+00:00,2026-09-28 22:00:00-04:00,67.02851383320653,70.40962651730577
2026-09-29 03:00:00+00:00,2026-09-28 23:00:00-04:00,65.15997751140726,69.5833128007119
2026-09-29 04:00:00+00:00,2026-09-29 00:00:00-04:00,63.167463285445116,68.9554162992236
2026-09-29 05:00:00+00:00,2026-09-29 01:00:00-04:00,61.779700087236016,67.54030015123762
2026-09-29 06:00:00+00:00,2026-09-29 02:00:00-04:00,60.78433212406138,63.82606123996402
2026-09-29 07:00:00+00:00,2026-09-29 03:00:00-04:00,60.24919207768821,63.66016118377022
2026-09-29 08:00:00+00:00,2026-09-29 04:00:00-04:00,60.21074885791611,63.36062328825071
2026-09-29 09:00:00+00:00,2026-09-29 05:00:00-04:00,60.671622306642114,63.12605498414984
2026-09-29 10:00:00+00:00,2026-09-29 06:00:00-04:00,61.60040465996494,63.03481398834008
2026-09-29 11:00:00+00:00,2026-09-29 07:00:00-04:00,62.93380093539104,63.01786013247372
2026-09-29 12:00:00+00:00,2026-09-29 08:00:00-04:00,64.58094238029166,63.26395208114897
2026-09-29 13:00:00+00:00,2026-09-29 09:00:00-04:00,66.42957902722678,67.69460521827031
2026-09-29 14:00:00+00:00,2026-09-29 10:00:00-04:00,68.35372934372424,69.49062519959618
2026-09-29 15:00:00+00:00,2026-09-29 11:00:00-04:00,70.22226566552351,71.04493639412058
2026-09-29 16:00:00+00:00,2026-09-29 12:00:00-04:00,71.90785033019624,71.04052483541784
2026-09-29 17:00:00+00:00,2026-09-29 13:00:00-04:00,73.29561352840534,71.9962810247759
2026-09-29 18:00:00+00:00,2026-09-29 14:00:00-04:00,74.29098149157998,72.65800122369247
2026-09-29 19:00:00+00:00,2026-09-29 15:00:00-04:00,74.82612153795316,72.96641858965984
2026-09-29 20:00:00+00:00,2026-09-29 16:00:00-04:00,74.86456475772526,72.9925482655395
2026-09-29 21:00:00+00:00,2026-09-29 17:00:00-04:00,74.40369130899924,72.5414317712087
2026-09-29 22:00:00+00:00,2026-09-29 18:00:00-04:00,73.47490895567643,71.82588455212878
2026-09-29 23:00:00+00:00,2026-09-29 19:00:00-04:00,72.14151268025032,70.34940334130528
2026-09-30 00:00:00+00:00,2026-09-29 20:00:00-04:00,70.4944292350492,70.29699401085028
2026-09-30 01:00:00+00:00,2026-09-29 21:00:00-04:00,68.64579258811409,70.21067664973917
2026-09-30 02:00:00+00:00,2026-09-29 22:00:00-04:00,66.72164227161662,69.58916384240757
2026-09-30 03:00:00+00:00,2026-09-29 23:00:00-04:00,64.85310594981735,69.06623919507776
2026-09-30 04:00:00+00:00,2026-09-30 00:00:00-04:00,62.85882730078757,68.34172666336931
2026-09-30 05:00:00+00:00,2026-09-30 01:00:00-04:00,61.47106410257847,67.00166503512828
2026-09-30 06:00:00+00:00,2026-09-30 02:00:00-04:00,60.47569613940382,63.84423690527094
2026-09-30 07:00:00+00:00,2026-09-30 03:00:00-04:00,59.94055609303065,63.69384251232728
2026-09-30 08:00:00+00:00,2026-09-30 04:00:00-04:00,59.90211287325855,63.44046440163079
2026-09-30 09:00:00+00:00,2026-09-30 05:00:00-04:00,60.36298632198456,63.20427109752992
2026-09-30 10:00:00+00:00,2026-09-30 06:00:00-04:00,61.29176867530739,63.12149677740559
2026-09-30 11:00:00+00:00,2026-09-30 07:00:00-04:00,62.62516495073349,63.10813115683335
2026-09-30 12:00:00+00:00,2026-09-30 08:00:00-04:00,64.27230639563412,63.34673739122288
2026-09-30 13:00:00+00:00,2026-09-30 09:00:00-04:00,66.12094304256922,66.02905270803544
2026-09-30 14:00:00+00:00,2026-09-30 10:00:00-04:00,68.0450933590667,68.02922970546611
2026-09-30 15:00:00+00:00,2026-09-30 11:00:00-04:00,69.91362968086597,70.430796005725
2026-09-30 16:00:00+00:00,2026-09-30 12:00:00-04:00,71.59921434553868,71.50757991879335
2026-09-30 17:00:00+00:00,2026-09-30 13:00:00-04:00,72.98697754374778,73.03977792950515
2026-09-30 18:00:00+00:00,2026-09-30 14:00:00-04:00,73.98234550692243,73.85586025791805
2026-09-30 19:00:00+00:00,2026-09-30 15:00:00-04:00,74.5174855532956,74.17670208553487
2026-09-30 20:00:00+00:00,2026-09-30 16:00:00-04:00,74.5559287730677,74.1275617397695
2026-09-30 21:00:00+00:00,2026-09-30 17:00:00-04:00,74.0950553243417,73.53088542486714
2026-09-30 22:00:00+00:00,2026-09-30 18:00:00-04:00,73.16627297101887,72.46281247163573
2026-09-30 23:00:00+00:00,2026-09-30 19:00:00-04:00,71.83287669559277,69.81465862544104
2026-10-01 00:00:00+00:00,2026-09-30 20:00:00-04:00,70.18579325039164,69.12072669389435
2026-10-01 01:00:00+00:00,2026-09-30 21:00:00-04:00,68.33715660345653,69.16407000197518
2026-10-01 02:00:00+00:00,2026-09-30 22:00:00-04:00,66.41300628695907,68.80369617580132
2026-10-01 03:00:00+00:00,2026-09-30 23:00:00-04:00,64.54446996515979,68.4439112593289
