station,year,expected_hours,observed_targets,coverage,missing_tmpf,missing_dwpf,missing_mslp,missing_sknt,missing_drct
CLT,2015,8760,8727,0.9962328767123287,0.0,0.0,0.004583476566976052,0.0005729345708720064,0.04617852641228372
CLT,2016,8784,8778,0.9993169398907104,0.00011390818999886092,0.00011390818999886092,0.0011390818999886091,0.0007973573299920264,0.04966397083950336
CLT,2017,8760,8749,0.9987442922374429,0.0,0.00011429877700308607,0.00045719510801234427,0.0019430792090524632,0.05486341296148131
CLT,2018,8760,8740,0.997716894977169,0.0,0.0,0.0,0.0013729977116704805,0.0511441647597254
CLT,2019,8760,8751,0.998972602739726,0.0,0.0,0.00022854530910753056,0.0023997257456290708,0.06250714204090961
CLT,2020,8784,8765,0.9978369763205829,0.0,0.0,0.0,0.002167712492869367,0.048031945236737025
CLT,2021,8760,8743,0.9980593607305936,0.0,0.0,0.00011437721605856113,0.0012581493766441725,0.05295665103511381
CLT,2022,8760,8642,0.9865296803652968,0.0,0.00011571395510298542,0.014695672298079148,0.003355704697986577,0.05484841471881509
CLT,2023,8760,8733,0.9969178082191781,0.00034340659340659343,0.00034340659340659343,0.0027472527472527475,0.0009157509157509158,0.03777472527472527
CLT,2024,8784,8772,0.9986338797814208,0.0,0.0,0.0011399908800729594,0.0005699954400364797,0.04753761969904241
CLT,2025,8760,8736,0.9972602739726028,0.0,0.00011446886446886447,0.0009157509157509158,0.0006868131868131869,0.037889194139194136
CLT,2026,6220,6194,0.9958199356913183,0.00032278889606197545,0.00032278889606197545,0.0033892834086507425,0.00016139444803098772,0.046481601032924466
GSO,2015,8760,8727,0.9962328767123287,0.0,0.0,0.004010541996104045,0.00011458691417440129,0.028875902371949123
GSO,2016,8784,8780,0.9995446265938069,0.0,0.0,0.0015945330296127562,0.0005694760820045558,0.031548974943052394
GSO,2017,8760,8747,0.9985159817351598,0.0,0.0,0.000342974734194581,0.0011432491139819366,0.03052475134331771
GSO,2018,8760,8742,0.9979452054794521,0.00011437721605856113,0.00011437721605856113,0.0,0.000915017728468489,0.03133935720004575
GSO,2019,8760,8750,0.9988584474885844,0.0,0.0,0.00011428571428571428,0.0017142857142857142,0.039657142857142856
GSO,2020,8784,8764,0.9977231329690346,0.0,0.0,0.0,0.001026928343222273,0.03537197626654496
GSO,2021,8760,8744,0.9981735159817352,0.0,0.0,0.0005718206770356817,0.0016010978956999085,0.03945562671546203
GSO,2022,8760,8742,0.9979452054794521,0.0,0.0,0.00022878059940517045,0.00034317089910775565,0.03763440860215054
GSO,2023,8760,8755,0.9994292237442922,0.0,0.0,0.0001142204454597373,0.0002284408909194746,0.042375785265562536
GSO,2024,8784,8771,0.9985200364298725,0.00022797218739313804,0.00022797218739313804,0.0004559443747862761,0.00011398609369656902,0.04833010372734527
GSO,2025,8760,8753,0.9992009132420091,0.0001142334932602239,0.0001142334932602239,0.0007996344528215673,0.0,0.03712588530957277
GSO,2026,6220,6212,0.9987138263665595,0.0,0.0,0.00016097875080489375,0.00016097875080489375,0.04249839021249195
RDU,2015,8760,8738,0.9974885844748859,0.0,0.00011444266422522316,0.0046921492332341495,0.0,0.06248569466697185
RDU,2016,8784,8774,0.9988615664845173,0.0,0.0,0.004900843400957374,0.0011397310234784591,0.07442443583314338
RDU,2017,8760,8753,0.9992009132420091,0.0,0.0,0.0,0.001713698160630641,0.06592025591225865
RDU,2018,8760,8743,0.9980593607305936,0.0,0.0,0.00011437721605856113,0.0016012810248198558,0.07949216516069998
RDU,2019,8760,8750,0.9988584474885844,0.00011427265455376528,0.00011427265455376528,0.0004570906182150611,0.002856816363844132,0.07267740829619472
RDU,2020,8784,8771,0.9985200364298725,0.0,0.0,0.0014821571086535172,0.0019382054497776764,0.06886329950974804
RDU,2021,8760,8747,0.9985159817351598,0.0004570906182150611,0.0,0.061935778768140784,0.0013712718546451835,0.07656267855102274
RDU,2022,8760,8753,0.9992009132420091,0.0001142334932602239,0.0001142334932602239,0.0001142334932602239,0.001028101439342015,0.0803061457619374
RDU,2023,8760,8758,0.9997716894977169,0.0,0.0,0.013930121032199132,0.00045672527974423386,0.07798584151632793
RDU,2024,8784,8775,0.9989754098360656,0.0,0.00011396011396011396,0.012991452991452991,0.0010256410256410256,0.0766951566951567
RDU,2025,8760,8735,0.9971461187214612,0.00011446886446886447,0.00011446886446886447,0.010302197802197802,0.00022893772893772894,0.07554945054945054
RDU,2026,6220,6192,0.9954983922829582,0.0,0.0,0.023901808785529714,0.0009689922480620155,0.05297157622739018
