feature,group
hour_sin,calendar_or_horizon
hour_cos,calendar_or_horizon
year_sin,calendar_or_horizon
year_cos,calendar_or_horizon
hour2_sin,calendar_or_horizon
hour2_cos,calendar_or_horizon
year2_sin,calendar_or_horizon
year2_cos,calendar_or_horizon
hour_sin_x_year_sin,calendar_or_horizon
hour_sin_x_year_cos,calendar_or_horizon
hour_cos_x_year_sin,calendar_or_horizon
hour_cos_x_year_cos,calendar_or_horizon
base_f,calendar_or_horizon
lead_hours,calendar_or_horizon
lead_log,calendar_or_horizon
state_anom24,state
state_coverage24,state
state_anom72,state
state_coverage72,state
state_anom168,state
state_coverage168,state
state_last_anomaly,state
state_last_age_hours,state
state_anomaly_sd24,state
state_range24,state
state_trend24_72,state
weather_dewpoint_depression24,weather
weather_pressure24,weather
weather_pressure_change24,weather
weather_wind_u24,weather
weather_wind_v24,weather
neighbor_GSO_anom24,neighbors
neighbor_GSO_coverage24,neighbors
neighbor_CLT_anom24,neighbors
neighbor_CLT_coverage24,neighbors
decay24_state_anom24,horizon_interaction
decay24_state_anom72,horizon_interaction
decay24_state_last_anomaly,horizon_interaction
decay24_state_trend24_72,horizon_interaction
decay72_state_anom24,horizon_interaction
decay72_state_anom72,horizon_interaction
decay72_state_last_anomaly,horizon_interaction
decay72_state_trend24_72,horizon_interaction
decay168_state_anom24,horizon_interaction
decay168_state_anom72,horizon_interaction
decay168_state_last_anomaly,horizon_interaction
decay168_state_trend24_72,horizon_interaction
