fold,model,kind,complexity,n,rmse_f,mae_f,bias_f,r2,fit_predict_seconds
2021-09-17,baseline_climatology,climatology,0,336,6.013770631591645,4.846831517990317,0.8917559512873151,0.537494987556252,2.4400287000462413
2021-09-17,baseline_yesterday,persistence,0,336,9.512835939878688,7.410714285714286,6.958333333333333,-0.15729143208756646,0.03677100001368672
2021-09-17,ols_basic,ols,1,336,6.096374390853337,5.0965706210018675,-1.156857205059357,0.5247020028589097,0.07164829998509958
2021-09-17,ols_harmonics,ols,2,336,5.8226981711839825,4.882723171633694,-0.13601327887500722,0.566417963598809,0.08766120002837852
2021-09-17,ridge_a10_trend0,ridge,2,336,5.8229289498769194,4.8830200276138,-0.13749208695432746,0.5663835934578074,0.08000479999464005
2021-09-17,ridge_a10_trend1,ridge,2,336,5.82667483248064,4.902056414476961,-0.25545568756784426,0.5658255242746502,0.08362560003297403
2021-09-17,ridge_a1000_trend0,ridge,2,336,5.847939053892306,4.915875337011832,-0.28141694852651356,0.5626507362325905,0.08027430000947788
2021-09-17,ridge_a1000_trend1,ridge,2,336,5.852823948959931,4.931516434986644,-0.3720803936932838,0.5619197786997749,0.08361589995911345
2021-09-17,anomaly_tau24,anomaly,3,336,5.606910287291862,4.620061315794429,0.10329948879484838,0.5979593757505561,0.03392859996529296
2021-09-17,anomaly_tau72,anomaly,3,336,5.451682080376523,4.298095571764251,0.8487102515216963,0.6199123422528794,0.03380829998059198
2021-09-17,anomaly_tau168,anomaly,3,336,5.796016346434169,4.428039786261773,2.0125621981727897,0.5703825358072684,0.03374679997796193
2021-09-17,direct_ridge,direct_ridge,4,336,5.690987537160646,4.55787369272975,0.7441438850711745,0.5858115413069263,0.2804236999945715
2021-09-17,hgb_state_l7,hgb,6,336,6.509326563770323,5.194305982000791,1.6651294862769088,0.4581303285346545,0.8384065999998711
2021-09-17,hgb_state_l15,hgb,6,336,6.907128883292212,5.552476776205326,1.743091499609471,0.3898763725604424,1.0489452999900095
2021-09-17,hgb_weather_l7,hgb,6,336,6.218435213039034,5.036092717090891,1.117858129869928,0.5054787571626083,1.0460320999845862
2021-09-17,hgb_weather_l15,hgb,6,336,5.737843063769322,4.6893706925878815,0.4963817743079522,0.5789632008444368,1.2759506999864243
2021-09-17,hgb_neighbors_l7,hgb,6,336,6.017092602614383,4.964990157983378,0.4519366063387128,0.5369838764081029,1.1411003000102937
2021-09-17,hgb_neighbors_l15,hgb,6,336,5.809007691665354,4.864237217797482,-0.5440937142304485,0.5684544653852042,1.4009364999947138
2021-09-17,rf_state,rf,7,336,7.688062567200267,6.339596953691639,2.438495929227194,0.2441135814021974,17.120256299967878
2022-09-17,baseline_climatology,climatology,0,336,7.327760663811215,5.828306004573797,2.17307131905149,0.5084566635219844,3.5253144000307657
2022-09-17,baseline_yesterday,persistence,0,336,7.871361593354312,6.136904761904762,2.3154761904761907,0.43282250842716763,0.050282099982723594
2022-09-17,ols_basic,ols,1,336,7.139795656764908,5.776110903034594,0.18940536980490547,0.5333504779500233,0.10383669997099787
2022-09-17,ols_harmonics,ols,2,336,7.02418850653927,5.616692073475172,1.1993031919408095,0.548340055349798,0.13166009995620698
2022-09-17,ridge_a10_trend0,ridge,2,336,7.024287554031367,5.616907002177242,1.1980257462491641,0.548327317622112,0.11065059999236837
2022-09-17,ridge_a10_trend1,ridge,2,336,7.083589889134292,5.646354132703103,1.5032374555009897,0.5406686586137821,0.11516659997869283
2022-09-17,ridge_a1000_trend0,ridge,2,336,7.035568282478397,5.637859192516367,1.0734234633190538,0.546875415723131,0.12018839997472242
2022-09-17,ridge_a1000_trend1,ridge,2,336,7.092343572745438,5.665911509115183,1.3934256585114948,0.5395327019267282,0.11389710003277287
2022-09-17,anomaly_tau24,anomaly,3,336,7.019680476441823,5.613910903894932,0.9173183398743957,0.5489196079209253,0.04236919997492805
2022-09-17,anomaly_tau72,anomaly,3,336,7.173260306390837,5.815148156432828,0.5205749517837679,0.5289657978596818,0.04760789999272674
2022-09-17,anomaly_tau168,anomaly,3,336,7.236681490393347,5.924775882753675,-0.09888291982122324,0.5205998369121234,0.04089100001147017
2022-09-17,direct_ridge,direct_ridge,4,336,6.97461748486675,5.556391246402693,1.1951737638896143,0.5546924595668378,0.5328154000453651
2022-09-17,hgb_state_l7,hgb,6,336,8.381728114918833,6.657895966967696,2.8960854057838143,0.3568883172309639,1.2191648000152782
2022-09-17,hgb_state_l15,hgb,6,336,7.863690880409506,6.312644971493324,1.800184263404453,0.433927408970331,1.546840799972415
2022-09-17,hgb_weather_l7,hgb,6,336,8.06039870389858,6.434710368021534,2.3350617794884596,0.4052529319374756,1.394560899992939
2022-09-17,hgb_weather_l15,hgb,6,336,8.147377007501444,6.4998975561666725,2.433288401651442,0.3923480625908037,1.5752704999758862
2022-09-17,hgb_neighbors_l7,hgb,6,336,7.979757818902172,6.357039006486233,2.409761745493096,0.4170937892563381,1.3666602000012062
2022-09-17,hgb_neighbors_l15,hgb,6,336,7.830689196871529,6.2340359048525205,2.711116775358537,0.4386687317480781,1.717795800010208
2022-09-17,rf_state,rf,7,336,7.210222977752344,5.742124878133038,2.0749170918769315,0.5240989621645761,20.71917580004083
2023-09-17,baseline_climatology,climatology,0,336,5.383395352135163,3.957489459304297,3.033198938577455,0.2708624174705755,3.0010457999887876
2023-09-17,baseline_yesterday,persistence,0,336,8.997354108424373,7.714285714285714,1.2202380952380953,-1.0366976402547303,0.03870959999039769
2023-09-17,ols_basic,ols,1,336,4.785069030336001,3.7090716264193513,1.355855353220318,0.4239325344956051,0.08290460001444444
2023-09-17,ols_harmonics,ols,2,336,5.103850652547573,3.7547799312959906,2.4286910041620624,0.34462050565280367,0.10495309997349977
2023-09-17,ridge_a10_trend0,ridge,2,336,5.103137727270785,3.754334573752401,2.4275714240921555,0.3448035846676576,0.09566229995107278
2023-09-17,ridge_a10_trend1,ridge,2,336,5.4125157412488925,4.00177866789905,3.0244780822760258,0.26295283776580713,0.09906290000071749
2023-09-17,ridge_a1000_trend0,ridge,2,336,5.034784449251193,3.7137515099552596,2.3181800180619283,0.36223791351817025,0.09839619998820126
2023-09-17,ridge_a1000_trend1,ridge,2,336,5.339882265944395,3.953784184415176,2.922366412638971,0.2826017761008065,0.1118070000084117
2023-09-17,anomaly_tau24,anomaly,3,336,4.983862093287817,3.671900763205911,2.1480402586496012,0.37507346334581215,0.03632890002336353
2023-09-17,anomaly_tau72,anomaly,3,336,4.859094176099036,3.5861542074802477,1.842625843014621,0.4059711108656673,0.03558560000965372
2023-09-17,anomaly_tau168,anomaly,3,336,4.697957358150219,3.5276023027414607,1.3657650570611826,0.44471610902333913,0.03499690000899136
2023-09-17,direct_ridge,direct_ridge,4,336,5.180912506905412,3.815755332925631,2.5490665895731603,0.3246802517485997,0.4033111000317149
2023-09-17,hgb_state_l7,hgb,6,336,6.903253285181492,5.512507266167112,5.209313234282148,-0.1989596018137314,1.1824591999757104
2023-09-17,hgb_state_l15,hgb,6,336,8.064553885575657,6.795376929696017,6.6175889161402965,-0.6362800290185979,1.4146654999931343
2023-09-17,hgb_weather_l7,hgb,6,336,5.161944306611054,3.8076225542853743,2.528848801338395,0.32961612015783337,1.4894449000130408
2023-09-17,hgb_weather_l15,hgb,6,336,5.722226182546561,4.338747915266517,3.2720448009998573,0.1761901622060439,1.8172085999976844
2023-09-17,hgb_neighbors_l7,hgb,6,336,5.647620894493674,4.284997058145577,3.2901424545216367,0.197531476839502,1.618241400050465
2023-09-17,hgb_neighbors_l15,hgb,6,336,5.2258436059496125,3.899033318805664,2.543193200652097,0.3129161342859561,1.9620721000246704
2023-09-17,rf_state,rf,7,336,6.12702797014587,4.6782795713520935,4.077919071135374,0.05551153256335073,25.22174220002489
2024-08-15,baseline_climatology,climatology,0,336,6.401020443592877,5.308368740708723,1.9547213556067957,0.5449442103014456,3.282441799994558
2024-08-15,baseline_yesterday,persistence,0,336,5.946187253790689,5.0476190476190474,0.25595238095238093,0.6073158437149168,0.03958879999117926
2024-08-15,ols_basic,ols,1,336,6.447513051386441,5.363842412237563,1.2329499283761531,0.5383097792737181,0.0870168000110425
2024-08-15,ols_harmonics,ols,2,336,6.555059074657193,5.381060639722906,2.321993960818012,0.5227791217317499,0.10895580000942573
2024-08-15,ridge_a10_trend0,ridge,2,336,6.55451626616164,5.380800500594692,2.320007525670498,0.5228581534594008,0.10116350004682317
2024-08-15,ridge_a10_trend1,ridge,2,336,6.986366561620165,5.616067406941764,3.3515784073483315,0.45791304941120314,0.10451879998436198
2024-08-15,ridge_a1000_trend0,ridge,2,336,6.504529085107401,5.357126355401086,2.125728323495699,0.5301081248367907,0.1025369000271894
2024-08-15,ridge_a1000_trend1,ridge,2,336,6.908602308743114,5.569623661590033,3.153025197601131,0.46991367255500005,0.10430190002080053
2024-08-15,anomaly_tau24,anomaly,3,336,6.613042909152091,5.362072940476388,2.4214160510145994,0.5142991124185399,0.03623700002208352
2024-08-15,anomaly_tau72,anomaly,3,336,6.574216849635336,5.405236009898365,1.975627970247918,0.5199855999681706,0.03612490004161373
2024-08-15,anomaly_tau168,anomaly,3,336,6.347785447836243,5.313102935973016,1.27959384847568,0.55248180789678,0.03587889997288585
2024-08-15,direct_ridge,direct_ridge,4,336,6.816753574973368,5.481962914400808,2.478584895309078,0.48391479982435226,0.5104269000003114
2024-08-15,hgb_state_l7,hgb,6,336,6.370424424424526,5.278573249671136,1.3284277728365572,0.5492840248668787,1.3446471000206657
2024-08-15,hgb_state_l15,hgb,6,336,6.2051882172178425,5.18826301799794,1.0420649048239286,0.572362153257292,1.5944358999840915
2024-08-15,hgb_weather_l7,hgb,6,336,6.422246567485616,5.282066452456708,1.6520331795695253,0.5419212280594362,1.6706427999888547
2024-08-15,hgb_weather_l15,hgb,6,336,6.505834701946913,5.358380726991389,1.7176492848545348,0.529919468499344,2.093163800018374
2024-08-15,hgb_neighbors_l7,hgb,6,336,6.390210347985997,5.273726272843399,1.5099779598073786,0.5464799163179239,1.8489656000165269
2024-08-15,hgb_neighbors_l15,hgb,6,336,6.488460225631865,5.3325997573217885,1.7804652296038084,0.5324269091291041,2.2484168999944814
2024-08-15,rf_state,rf,7,336,6.495206401944288,5.318485978197613,1.8420095789822761,0.5314541142874551,29.489950100018177
2024-09-17,baseline_climatology,climatology,0,336,5.890652916321154,4.961091705042089,-4.406228709296913,-0.3774736951721147,3.304273399990052
2024-09-17,baseline_yesterday,persistence,0,336,8.444672877027267,6.592261904761905,-6.217261904761905,-1.8308842170628115,0.038495699991472065
2024-09-17,ols_basic,ols,1,336,6.923266161141765,5.922122139211087,-5.64904776214366,-0.9027358531507916,0.08540229999925941
2024-09-17,ols_harmonics,ols,2,336,6.173712782496116,5.223559312690857,-4.701691879867556,-0.5130360909788041,0.110634199983906
2024-09-17,ridge_a10_trend0,ridge,2,336,6.174201068268992,5.224121032690037,-4.702644279912738,-0.5132754358395453,0.10171959997387603
2024-09-17,ridge_a10_trend1,ridge,2,336,5.491344592960441,4.55469494302713,-3.7639285201060466,-0.19705427011936405,0.10406729998067021
2024-09-17,ridge_a1000_trend0,ridge,2,336,6.222882294606654,5.2796888934267185,-4.795827755790436,-0.537232714091878,0.100115499983076
2024-09-17,ridge_a1000_trend1,ridge,2,336,5.529384442421226,4.593807977661292,-3.8558773929396115,-0.21369627172398542,0.10426960000768304
2024-09-17,anomaly_tau24,anomaly,3,336,5.950360536572707,4.992972713107179,-4.3968648034808835,-0.40553934368216105,0.03627149999374524
2024-09-17,anomaly_tau72,anomaly,3,336,6.006207805423071,5.07164761237127,-4.531479906203198,-0.4320466096175801,0.035954599967226386
2024-09-17,anomaly_tau168,anomaly,3,336,6.1600751612700595,5.233581954830099,-4.741662073118614,-0.5063589346120476,0.03580620000138879
2024-09-17,direct_ridge,direct_ridge,4,336,6.77007074097661,5.836154779941917,-5.393427448432312,-0.8194614515015848,0.47269190003862604
2024-09-17,hgb_state_l7,hgb,6,336,4.952212795030922,4.075085032667336,-2.93548670963436,0.026457218039873,1.3237345000379719
2024-09-17,hgb_state_l15,hgb,6,336,4.81950061415712,4.024420119622201,-3.1016236574313942,0.07793714862435697,1.587540800042916
2024-09-17,hgb_weather_l7,hgb,6,336,5.270940608737908,4.389633727951262,-3.5427786617938315,-0.10289124919715453,1.7270691000157967
2024-09-17,hgb_weather_l15,hgb,6,336,5.076828130475426,4.231413559741113,-3.276542482437925,-0.0231548510433488,2.1176833999925293
2024-09-17,hgb_neighbors_l7,hgb,6,336,5.871042547416766,4.894217525754645,-4.218804554737623,-0.36831756118603165,1.8766951999859884
2024-09-17,hgb_neighbors_l15,hgb,6,336,5.813258276458406,5.056634686341071,-4.547760688539151,-0.3415154617888059,2.3041780999628827
2024-09-17,rf_state,rf,7,336,5.303154943403332,4.333581406749046,-3.226762895367518,-0.11641349549559443,29.369446000026073
2025-08-15,baseline_climatology,climatology,0,336,5.289218823989322,3.9823293118030962,2.9808038656723035,0.424238167807793,3.680340500024613
2025-08-15,baseline_yesterday,persistence,0,336,7.419007121351662,6.005952380952381,5.4226190476190474,-0.13279514183856733,0.0394598999992013
2025-08-15,ols_basic,ols,1,336,4.995752313800746,3.823395739579668,2.541228941556182,0.486356734560525,0.09204449999378994
2025-08-15,ols_harmonics,ols,2,336,5.526414489110034,4.171291973996027,3.473573798947222,0.3714400422463391,0.11825759999919683
2025-08-15,ridge_a10_trend0,ridge,2,336,5.52524530828362,4.170300651426228,3.4717929791563567,0.371705973263175,0.10782770003424957
2025-08-15,ridge_a10_trend1,ridge,2,336,6.344265806406513,4.944957915169674,4.663084214446795,0.1716334706228001,0.11897240002872422
2025-08-15,ridge_a1000_trend0,ridge,2,336,5.412757455349914,4.0758921379900865,3.2974205476617326,0.39702829124681427,0.11840650002704933
2025-08-15,ridge_a1000_trend1,ridge,2,336,6.2086493982180695,4.807825769430577,4.48244462098124,0.2066696414304252,0.1144452000153251
2025-08-15,anomaly_tau24,anomaly,3,336,5.636918561724082,4.291353016715836,3.4990076338352956,0.3460518389118984,0.036924999963957816
2025-08-15,anomaly_tau72,anomaly,3,336,5.597003106157984,4.274166571030022,3.257349466317708,0.35528036371011174,0.03610870003467426
2025-08-15,anomaly_tau168,anomaly,3,336,5.405480467214966,4.119898434663755,2.88003491338504,0.39864848889432514,0.03746189997764304
2025-08-15,direct_ridge,direct_ridge,4,336,5.35898202184507,4.056107872493333,3.3458120589091696,0.40894975446364323,0.6162767999921925
2025-08-15,hgb_state_l7,hgb,6,336,5.457099871476708,4.151489269210473,3.6032922949510167,0.387108489356205,1.5059595999773592
2025-08-15,hgb_state_l15,hgb,6,336,5.975671327963125,4.490428814640408,4.096253870855414,0.2650916074742208,1.800789500004612
2025-08-15,hgb_weather_l7,hgb,6,336,5.648692876199413,4.281171162481543,3.739189322567855,0.34331707067939154,1.9344307000283152
2025-08-15,hgb_weather_l15,hgb,6,336,5.587605804654785,4.109555624371191,3.4352424606527188,0.3574434994143495,2.2896103999810293
2025-08-15,hgb_neighbors_l7,hgb,6,336,5.538129419276282,4.176839225093601,3.4924255173243943,0.36877236660919754,2.1581566000240855
2025-08-15,hgb_neighbors_l15,hgb,6,336,5.438516958333265,4.036329343345993,3.303693870671097,0.39127550778129816,2.5075257000280544
2025-08-15,rf_state,rf,7,336,5.881814622608598,4.442723877146617,3.901946768786432,0.28799594451618193,33.729170400009025
2025-09-17,baseline_climatology,climatology,0,334,6.000232078396431,4.9084154760462795,-2.34817743276254,0.41710804279617986,3.597053000004962
2025-09-17,baseline_yesterday,persistence,0,334,9.647375616582218,7.724550898203593,-7.047904191616767,-0.5068511083262157,0.04020760004641488
2025-09-17,ols_basic,ols,1,334,7.003090650306919,5.751863363664874,-3.9533616985922473,0.2059799627166472,0.09179549996042624
2025-09-17,ols_harmonics,ols,2,334,6.361742893828541,5.220279778140207,-2.927842150551604,0.34475428016614795,0.11547040002187714
2025-09-17,ridge_a10_trend0,ridge,2,334,6.362112463535867,5.220566741451114,-2.928708854215061,0.3446781481983022,0.10673970001516864
2025-09-17,ridge_a10_trend1,ridge,2,334,5.955474835161159,4.887100012579075,-1.8918223807895458,0.42577148644615004,0.11090860003605485
2025-09-17,ridge_a1000_trend0,ridge,2,334,6.399079750251527,5.249508989272425,-3.013600081080057,0.33704047991846153,0.10622519999742508
2025-09-17,ridge_a1000_trend1,ridge,2,334,5.980580623928504,4.9044722254317685,-1.9776775016013437,0.4209198677104672,0.11043290002271533
2025-09-17,anomaly_tau24,anomaly,3,334,6.157378674561109,4.951631108297536,-3.2421994753898313,0.386176243815622,0.03620709996903315
2025-09-17,anomaly_tau72,anomaly,3,334,6.522189889990446,5.2971996236991625,-4.018407517915755,0.31128610701267423,0.035470200004056096
2025-09-17,anomaly_tau168,anomaly,3,334,7.443479089548122,6.172815325168506,-5.229860730906621,0.10297631279888153,0.03558670001802966
2025-09-17,direct_ridge,direct_ridge,4,334,6.715845712802847,5.491701822012525,-4.438354117449744,0.2697805668163267,0.5120583999669179
2025-09-17,hgb_state_l7,hgb,6,334,6.723659881395911,5.469956424326779,-4.355614848899755,0.26808029625505037,1.5157892999704927
2025-09-17,hgb_state_l15,hgb,6,334,6.400117678828084,5.212903858628694,-3.9913468992010572,0.3368253988558647,1.8103707000263967
2025-09-17,hgb_weather_l7,hgb,6,334,6.544997832305852,5.298128021543452,-3.8953352194075017,0.3064608527604875,1.9500320000224747
2025-09-17,hgb_weather_l15,hgb,6,334,6.370751458380525,5.12982475520834,-3.674767921078952,0.3428972410439375,2.332993699994404
2025-09-17,hgb_neighbors_l7,hgb,6,334,6.5594643949727605,5.325114274427954,-3.894526859035004,0.3033915726715568,2.1408720000181347
2025-09-17,hgb_neighbors_l15,hgb,6,334,6.353807713089274,5.144505395386363,-3.8041500623280897,0.34638787352734224,2.5391440999810584
2025-09-17,rf_state,rf,7,334,7.563257218588078,6.351978015170424,-5.751878367305045,0.07387478815998993,34.73372720001498
2026-08-15,baseline_climatology,climatology,0,336,4.536432056910197,3.8593880851308557,-1.4799233248988894,0.5953750495058703,3.8949816999956965
2026-08-15,baseline_yesterday,persistence,0,336,7.780852566824966,6.238095238095238,6.095238095238095,-0.19035968656999258,0.04086970002390444
2026-08-15,ols_basic,ols,1,336,4.640312941399192,3.8993000508826388,-1.788148740248595,0.5766316595692892,0.09643849998246878
2026-08-15,ols_harmonics,ols,2,336,4.336947803757733,3.6729338926820017,-0.8993376143472483,0.6301784380948587,0.12370629998622462
2026-08-15,ridge_a10_trend0,ridge,2,336,4.337256908581636,3.6733187335915596,-0.900953664816286,0.6301257200509042,0.11459469998953864
2026-08-15,ridge_a10_trend1,ridge,2,336,4.244482022825492,3.522049374737015,0.0056659313480818835,0.6457798727036724,0.11921849998179823
2026-08-15,ridge_a1000_trend0,ridge,2,336,4.370739236969766,3.7133192031270688,-1.0593441088681803,0.6243930398200612,0.11400860000867397
2026-08-15,ridge_a1000_trend1,ridge,2,336,4.2451034134760715,3.5395109886690155,-0.15609682500027808,0.6456761497117456,0.11692389997188002
2026-08-15,anomaly_tau24,anomaly,3,336,4.179324127336104,3.5253656554622537,-0.5835508464825926,0.6565718059610484,0.03644110000459477
2026-08-15,anomaly_tau72,anomaly,3,336,3.9580859246733233,3.3011135299408285,-0.12391223192124658,0.6919691079055336,0.035321999981533736
2026-08-15,anomaly_tau168,anomaly,3,336,3.958813886780015,3.1979951590133817,0.5937475109516416,0.6918557928124405,0.03673639998305589
2026-08-15,direct_ridge,direct_ridge,4,336,4.096179309848067,3.3880608833898394,0.14885321045284358,0.670100424318848,0.5713271999848075
2026-08-15,hgb_state_l7,hgb,6,336,4.105994382343522,3.418689453090945,-0.15185610925390694,0.6685175504434644,1.6814705000142567
2026-08-15,hgb_state_l15,hgb,6,336,3.974918168234182,3.3025603292967802,-0.12080521820634361,0.689343659289822,1.9842338999733329
2026-08-15,hgb_weather_l7,hgb,6,336,4.238301613280121,3.534164891886709,-0.24649789465752817,0.6468106847431994,2.153180799970869
2026-08-15,hgb_weather_l15,hgb,6,336,4.124152419188565,3.4794921174600053,-0.5490132149294846,0.665579222179778,2.5771498999674805
2026-08-15,hgb_neighbors_l7,hgb,6,336,4.159699606041836,3.4688309476434736,-0.2866691998527055,0.6597894509038629,2.354750900005456
2026-08-15,hgb_neighbors_l15,hgb,6,336,4.069473912015914,3.3835707265166457,-0.026281525857772436,0.6743880199750351,2.850695999979507
2026-08-15,rf_state,rf,7,336,4.345255686423018,3.6867991626609316,-1.1110894343042923,0.6287602163089411,38.72245619999012
