model,mean_rmse_f,sd_rmse_f,mean_mae_f,worst_fold_rmse_f,mean_fit_seconds,folds,complexity
anomaly_tau72,5.7677175173433195,1.03381972513003,4.6310951603271215,7.173260306390837,0.03699777500150958,8,3
anomaly_tau24,5.768434708295949,0.8982178118978331,4.628658552119308,7.019680476441823,0.03683854998962488,8,3
ridge_a1000_trend0,5.8535349509883945,0.8716474038102628,4.742877702337606,7.035568282478397,0.10501895000197692,8,2
baseline_climatology,5.855310370843501,0.8277226788090585,4.706527537574932,7.327760663811215,3.3406849125094595,8,0
ridge_a10_trend0,5.8629607807513535,0.8613701252506438,4.7404211579121345,7.024287554031367,0.10229536249971716,8,2
ols_harmonics,5.863076796765055,0.8612821382470223,4.7404150967046075,7.02418850653927,0.11266233749483945,8,2
hgb_neighbors_l15,5.8786321975019025,1.089575141027261,4.743868293795941,7.830689196871529,2.191345649996947,8,6
anomaly_tau168,5.880786155953393,1.1894004994419782,4.7397264726757085,7.443479089548122,0.036388099993928336,8,3
ridge_a1000_trend1,5.894671246804593,0.9049458069930986,4.745806593912461,7.092343572745438,0.10746168750483776,8,2
hgb_weather_l15,5.909077346057943,1.1726296420731652,4.7295853684741385,8.147377007501444,2.0098788749892265,8,6
ridge_a10_trend1,5.9180892852297,0.9203776876289944,4.759382358441721,7.083589889134292,0.10694258750299923,8,2
hgb_weather_l7,5.945744715194697,1.1467709521629434,4.757948736964684,8.06039870389858,1.6706741625021095,8,6
direct_ridge,5.950543611172346,1.0354207213648334,4.773001068037062,6.97461748486675,0.48741642500681337,8,4
ols_basic,6.0038967744986635,1.0488428620829269,4.917784607003956,7.139795656764908,0.0888858999896911,8,1
hgb_neighbors_l7,6.020377203962984,1.0771992050730481,4.843219308547282,7.979757818902172,1.8131802750140196,8,6
hgb_state_l7,6.17546241481778,1.3170511499641144,4.969812830512783,8.381728114918833,1.3264539500014507,8,6
hgb_state_l15,6.276346206959716,1.3961679656046406,5.109884352197587,8.064553885575657,1.5984777999983635,8,6
rf_state,6.326750298508224,1.1589987675885374,5.111696230387675,7.688062567200267,28.638240525011497,8,7
baseline_yesterday,8.202455884654272,1.2240059561635703,6.6087980289421155,9.647375616582218,0.04054805000487249,8,0
