model,feature,coefficient_f
ols_harmonics,intercept,62.28617605350198
ols_harmonics,hour_sin,-6.50659482115474
ols_harmonics,hour_cos,-4.168016017888288
ols_harmonics,year_sin,-4.826079193839749
ols_harmonics,year_cos,-17.997808023237823
ols_harmonics,hour2_sin,1.55646272630005
ols_harmonics,hour2_cos,0.823221421961802
ols_harmonics,year2_sin,0.743529065911697
ols_harmonics,year2_cos,-1.0247620436977505
ols_harmonics,hour_sin_x_year_sin,-0.4285489061809951
ols_harmonics,hour_sin_x_year_cos,0.7253056509802793
ols_harmonics,hour_cos_x_year_sin,0.6001989095205753
ols_harmonics,hour_cos_x_year_cos,0.1967466659344597
ridge_a1000_trend0,intercept,62.28782670042519
ridge_a1000_trend0,hour_sin,-6.443810477658908
ridge_a1000_trend0,hour_cos,-4.127666804521763
ridge_a1000_trend0,year_sin,-4.781618269735283
ridge_a1000_trend0,year_cos,-17.824169602065172
ridge_a1000_trend0,hour2_sin,1.5414198801007262
ridge_a1000_trend0,hour2_cos,0.8152523561268066
ridge_a1000_trend0,year2_sin,0.7339213004063481
ridge_a1000_trend0,year2_cos,-1.0125180428965397
ridge_a1000_trend0,hour_sin_x_year_sin,-0.426411323247233
ridge_a1000_trend0,hour_sin_x_year_cos,0.7199216443331574
ridge_a1000_trend0,hour_cos_x_year_sin,0.593150368963521
ridge_a1000_trend0,hour_cos_x_year_cos,0.19596369053705384
