time_utc,time_local,lead_hour,reference_f,baseline_climatology,baseline_yesterday,anomaly_tau72,ols_harmonics,ridge_a1000_trend0,hgb_neighbors_l15,champion_lower80_f,champion_upper80_f,actual_f,forecast_day
2026-09-17 04:00:00+00:00,2026-09-17 00:00:00-04:00,1,68.58747946582103,69.43502824858757,68.0,71.41924248332843,68.7602226358521,68.69925011123293,72.31420153928542,68.00543588102181,77.30287332066453,70.0,1
2026-09-17 05:00:00+00:00,2026-09-17 01:00:00-04:00,2,67.77716198727431,68.64887640449439,68.0,70.56986682807234,67.95617151511905,67.90331119675517,71.5038840607387,67.15606022576571,76.45349766540843,69.0,1
2026-09-17 06:00:00+00:00,2026-09-17 02:00:00-04:00,3,66.99252042126025,67.91292134831461,67.0,69.74670581022045,67.17935313277616,67.13425470546149,70.66095874997382,66.33289920791381,75.63033664755656,68.0,1
2026-09-17 07:00:00+00:00,2026-09-17 03:00:00-04:00,4,66.23449692910107,67.23595505617978,66.0,68.95069416052571,66.42824121087656,66.39055076068388,69.90293525781463,65.53688755821909,74.83432499786181,66.0,1
2026-09-17 08:00:00+00:00,2026-09-17 04:00:00-04:00,5,65.59679490350096,66.68258426966293,64.0,68.27552794361208,65.79373976804126,65.76221328218223,69.56860690780543,64.86172134130544,74.15915878094819,65.0,1
2026-09-17 09:00:00+00:00,2026-09-17 05:00:00-04:00,6,65.24799827848479,66.26685393258427,63.0,67.88978386649943,65.44211925040845,65.4139021802994,68.88187208234679,64.4759772641928,73.77341470383553,64.0,1
2026-09-17 10:00:00+00:00,2026-09-17 06:00:00-04:00,7,65.38632397360982,65.88732394366197,61.0,67.99167172142137,65.57048996383504,65.54082773009749,69.02019777747182,64.57786511911473,73.87530255875748,64.0,1
2026-09-17 11:00:00+00:00,2026-09-17 07:00:00-04:00,8,66.17913743404844,65.62359550561797,61.0,68.74854992453294,66.34674281681735,66.3092716999972,69.43873738875567,65.3347433222263,74.63218076186905,63.0,1
2026-09-17 12:00:00+00:00,2026-09-17 08:00:00-04:00,9,67.70394132330682,66.93258426966293,63.0,70.23791420727333,67.85054486471515,67.7981523478388,70.96354127801405,66.82410760496671,76.12154504460943,67.0,1
2026-09-17 13:00:00+00:00,2026-09-17 09:00:00-04:00,10,69.9076157154448,70.08988764044943,69.0,72.40663780724869,70.03215624248685,69.95823785616268,73.5936440088954,68.99283120494206,78.29026864458478,72.0,1
2026-09-17 14:00:00+00:00,2026-09-17 10:00:00-04:00,11,72.59619476253862,73.25056179775281,73.0,75.06074813437587,72.70145632641471,72.60127644916524,76.2822230559892,71.64694153206923,80.94437897171198,78.0,1
2026-09-17 15:00:00+00:00,2026-09-17 11:00:00-04:00,12,75.45958671457186,76.06760563380281,78.0,77.89014678947298,75.55177663849891,75.42359648125287,79.14561500802245,74.47634018716636,83.77377762680908,82.0,1
2026-09-17 16:00:00+00:00,2026-09-17 12:00:00-04:00,13,78.12647155236672,78.32022471910112,80.0,80.52350719590783,78.21400278660903,78.05968290655444,81.73978558354051,77.10970059360119,86.40713803324394,84.0,1
2026-09-17 17:00:00+00:00,2026-09-17 13:00:00-04:00,14,80.23658818644128,79.93820224719101,82.0,82.60056179719035,80.32836237345312,80.15326894313561,83.84990221761507,79.18675519488372,88.48419263452647,87.0,1
2026-09-17 18:00:00+00:00,2026-09-17 14:00:00-04:00,15,81.5128964138913,81.08707865168539,83.0,83.84426401260684,81.61651162653095,81.42872396101585,85.12621044506508,80.43045741030022,89.72789484994294,88.0,1
2026-09-17 19:00:00+00:00,2026-09-17 15:00:00-04:00,16,81.81593874047489,81.65819209039547,84.0,84.11515005807433,81.93626223905585,81.74524991360792,85.36225004427293,80.7013434557677,89.99878089541045,91.0,1
2026-09-17 20:00:00+00:00,2026-09-17 16:00:00-04:00,17,81.16718987351382,81.78089887640449,86.0,83.43468843782856,81.30563730301733,81.12070392005424,84.77123498843578,80.02088183552192,89.31831927516467,92.0,1
2026-09-17 21:00:00+00:00,2026-09-17 17:00:00-04:00,18,79.7360923235479,81.24719101123596,86.0,81.9723155448817,79.89076712669387,79.71961083459466,83.97805754429363,78.55850894257506,87.85594638221781,92.0,1
2026-09-17 22:00:00+00:00,2026-09-17 18:00:00-04:00,19,77.79474268514893,80.00842696629213,85.0,80.00012194065633,77.96136331297804,77.80906797370605,82.03670790589467,76.58631533834969,85.88375277799244,91.0,1
2026-09-17 23:00:00+00:00,2026-09-17 19:00:00-04:00,20,75.65236359215031,77.33426966292134,83.0,77.82732430905111,75.82570167394314,75.69435715781884,79.89432881289605,74.41351770674447,83.71095514638722,88.0,1
2026-09-18 00:00:00+00:00,2026-09-17 20:00:00-04:00,21,73.58661571961346,74.0,78.0,75.73157745725948,73.76204003645422,73.65102641856164,78.33891623961148,72.31777085495284,81.61520829459559,84.0,1
2026-09-18 01:00:00+00:00,2026-09-17 21:00:00-04:00,22,71.78918827094714,72.18539325842697,76.0,73.90456480175703,71.96389096822355,71.87069294381871,76.4296272852784,70.4907581994504,79.78819563909315,83.0,1
2026-09-18 02:00:00+00:00,2026-09-17 22:00:00-04:00,23,70.33888376540244,70.98591549295774,72.0,72.42508315468022,70.51246100363178,70.43375012401286,76.02119820277441,69.0112765523736,78.30871399201632,81.0,1
2026-09-18 03:00:00+00:00,2026-09-17 23:00:00-04:00,24,69.2077421119079,70.03098591549296,71.0,71.26516679656046,69.38198491769613,69.31465185191043,75.634968619157,67.85136019425383,77.14879763389658,80.0,1
2026-09-18 04:00:00+00:00,2026-09-18 00:00:00-04:00,25,68.2967060076713,69.25568181818181,68.0,70.32575287384026,68.47467854838214,68.41652922737401,75.17388263933651,66.91194627153362,76.20938371117637,79.0,2
2026-09-18 05:00:00+00:00,2026-09-18 01:00:00-04:00,26,67.48935063047044,68.45762711864407,68.0,69.4904110900932,67.67403249263761,67.62397096516275,74.36652726213565,66.07660448778657,75.37404192742932,79.0,2
2026-09-18 06:00:00+00:00,2026-09-18 02:00:00-04:00,27,66.70742770204679,67.69209039548022,67.0,68.68088776836161,66.9003200174019,66.8579966530059,73.80555437516614,65.267081166055,74.56451860569771,79.0,2
2026-09-18 07:00:00+00:00,2026-09-18 03:00:00-04:00,28,65.95168156938882,67.02824858757062,66.0,67.89792193139843,66.15179053806726,66.11685385816547,73.27110188384968,64.4841153290918,73.78155276873454,78.0,2
2026-09-18 08:00:00+00:00,2026-09-18 04:00:00-04:00,29,65.31564811883487,66.43661971830986,64.0,67.235044214743,65.51915967983393,65.49036968966958,73.27524280927749,63.82123761243637,73.11867505207911,76.0,2
2026-09-18 09:00:00+00:00,2026-09-18 05:00:00-04:00,30,64.96778554602761,66.05649717514125,63.0,66.86070763566269,65.16855828817583,65.14306576354011,72.25264133563692,63.44690103335606,72.7443384729988,76.0,2
2026-09-18 10:00:00+00:00,2026-09-18 06:00:00-04:00,31,65.10623539532793,65.62146892655367,61.0,66.9730486315678,65.29701539690637,65.2700720233472,72.39109118493724,63.55924202926118,72.8566794689039,75.0,2
2026-09-18 11:00:00+00:00,2026-09-18 07:00:00-04:00,32,65.89834324272614,65.36056338028169,61.0,67.73940774193765,66.07240451191988,66.03765334534535,72.80892518318066,64.32560113963103,73.62303857927375,74.0,2
2026-09-18 12:00:00+00:00,2026-09-18 08:00:00-04:00,33,67.42164872811291,66.60845070422535,63.0,69.23731963961988,67.57444032342974,67.52477566774581,74.33223066856743,65.82351303731326,75.12095047695598,74.0,2
2026-09-18 13:00:00+00:00,2026-09-18 09:00:00-04:00,34,69.62312319347254,69.79718309859155,69.0,71.41375076806563,69.75349235553469,69.68231613991964,77.13871126107288,67.99994416575899,77.29738160540174,77.0,2
2026-09-18 14:00:00+00:00,2026-09-18 10:00:00-04:00,35,72.30894007912624,72.96112676056339,73.0,74.07486973662785,72.41960361985825,72.32218576043864,79.82452814672659,70.66106313432121,79.95850057396396,83.0,2
2026-09-18 15:00:00+00:00,2026-09-18 11:00:00-04:00,36,75.16918538610517,75.75988700564972,78.0,76.91075778200239,75.26631230225985,75.14091830718176,82.68477345370552,73.49695117969577,82.79438861933849,88.0,2
2026-09-18 16:00:00+00:00,2026-09-18 12:00:00-04:00,37,77.83274312106008,78.02535211267606,80.0,79.55029421221867,77.92473954470671,77.77323273379272,85.40661493341126,76.13648760991205,85.43392504955477,91.0,2
2026-09-18 17:00:00+00:00,2026-09-18 13:00:00-04:00,38,79.9395685122962,79.63380281690141,82.0,81.63342962176809,80.03536122533583,79.86310881034585,87.51344032464739,78.21962301946147,87.51706045910419,91.0,2
2026-09-18 18:00:00+00:00,2026-09-18 14:00:00-04:00,39,81.2128351473363,80.78309859154929,83.0,82.88333302827323,81.32007759335583,81.13515813457118,88.78670695968749,79.46952642596659,88.76696386560934,94.0,2
2026-09-18 19:00:00+00:00,2026-09-18 15:00:00-04:00,40,81.51328215442331,81.39376770538243,84.0,83.16073905310893,81.63692341213736,81.44880398850763,89.0871539667745,79.74693245080229,89.04436989044504,94.0,2
2026-09-18 20:00:00+00:00,2026-09-18 16:00:00-04:00,41,80.86255023618405,81.52676056338028,86.0,82.48728395419667,81.00410863427332,80.82208878222875,88.42715313228341,79.07347735189003,88.37091479153278,92.0,2
2026-09-18 21:00:00+00:00,2026-09-18 17:00:00-04:00,42,79.43020591471526,80.9830985915493,86.0,81.0325298702331,79.58790144458305,79.4196739562555,87.6327289166384,77.61872326792647,86.91616070756922,86.0,2
2026-09-18 22:00:00+00:00,2026-09-18 18:00:00-04:00,43,77.48841933546929,79.72957746478873,85.0,79.06864262373026,77.65809292075558,77.50873537935986,85.69094233739244,75.65483602142362,84.95227346106637,85.0,2
2026-09-18 23:00:00+00:00,2026-09-18 19:00:00-04:00,44,75.34643120465716,77.01971830985916,83.0,76.9048586575846,75.52297453035379,75.39457003580736,83.5489542065803,73.49105205527798,82.7884894949207,80.0,2
2026-09-19 00:00:00+00:00,2026-09-18 20:00:00-04:00,45,73.28186357482939,73.69577464788732,78.0,74.81879581983551,73.46075488829318,73.35267671798672,80.88300420073453,71.40498921752888,80.70242665717163,79.0,2
2026-09-19 01:00:00+00:00,2026-09-18 21:00:00-04:00,46,71.48631299891127,71.92394366197183,76.0,73.00204651688952,71.66483587434874,71.5745623645788,79.04259484652542,69.58823991458289,78.88567735422563,78.0,2
2026-09-19 02:00:00+00:00,2026-09-18 22:00:00-04:00,47,70.03844168379055,70.70338983050847,72.0,71.53326886630799,70.21625945631077,70.14045667387846,77.5947235314047,68.11946226400136,77.4168997036441,77.0,2
2026-09-19 03:00:00+00:00,2026-09-18 23:00:00-04:00,48,68.91011119201826,69.79661016949153,71.0,70.38432039771922,69.0890532457222,69.02460762520815,76.46639303963241,66.97051379541259,76.26795123505534,76.0,2
2026-09-19 04:00:00+00:00,2026-09-19 00:00:00-04:00,49,68.00206006942419,69.04843304843305,68.0,69.45593567965588,68.18519751298341,68.12991229057734,75.55834191703833,66.04212907734924,75.339566516992,76.0,3
2026-09-19 05:00:00+00:00,2026-09-19 01:00:00-04:00,50,67.19764752904626,68.25495750708215,68.0,68.63147000271715,67.38793501485307,67.34071326823826,74.75392937666041,65.21766340041052,74.51510084005326,75.0,3
2026-09-19 06:00:00+00:00,2026-09-19 02:00:00-04:00,51,66.41841230986537,67.4900849858357,67.0,67.83245823754697,66.61729587092279,66.5777887879457,73.91641041272868,64.41865163524034,73.71608907488309,74.0,3
2026-09-19 07:00:00+00:00,2026-09-19 03:00:00-04:00,52,65.66490334353097,66.8215297450425,66.0,67.05944550081331,65.87130768019075,65.83916633290178,73.16290144639427,63.64563889850668,72.94307633814941,74.0,3
2026-09-19 08:00:00+00:00,2026-09-19 04:00:00-04:00,53,65.03049204516437,66.2090395480226,64.0,66.40579944527563,65.24050075464815,65.21448925545647,73.16866452400944,62.991992842969005,72.28943028261173,73.0,3
2026-09-19 09:00:00+00:00,2026-09-19 05:00:00-04:00,54,64.68351433559319,65.8243626062323,63.0,66.03985228129349,64.89086979829904,64.86814430423397,72.14694791360495,62.62604567898686,71.9234831186296,73.0,3
2026-09-19 10:00:00+00:00,2026-09-19 06:00:00-04:00,55,64.82204003879139,65.37110481586403,61.0,66.15967017355085,65.01936617402806,64.99518465625026,72.28547361680315,62.74586357124422,72.04330101088695,71.0,3
2026-09-19 11:00:00+00:00,2026-09-19 07:00:00-04:00,56,65.61339845724333,65.10734463276836,61.0,66.93257881571424,65.79384948124499,65.76186175410359,72.7025581861003,63.51877221340761,72.81620965305035,72.0,3
2026-09-19 12:00:00+00:00,2026-09-19 08:00:00-04:00,57,67.13516949734385,66.31920903954803,63.0,68.43615455513665,67.29408519629501,67.24719233119016,74.22432922620082,65.02234795283002,74.31978539247277,73.0,3
2026-09-19 13:00:00+00:00,2026-09-19 09:00:00-04:00,58,69.3344185279832,69.48870056497175,69.0,70.61745925075596,69.47055482254312,69.40216506101326,76.85000659558355,67.20365264844932,76.50109008809207,75.0,3
2026-09-19 14:00:00+00:00,2026-09-19 10:00:00-04:00,59,72.01746031629679,72.64745762711864,73.0,73.28280420816753,72.1334668579922,72.03885554062163,79.53304838389714,69.8689976058609,79.16643504550365,80.0,3
2026-09-19 15:00:00+00:00,2026-09-19 11:00:00-04:00,60,74.87455979253718,75.48441926345609,78.0,76.12245094382855,74.97656713697504,74.85400393677774,82.39014786013753,72.70864434152193,82.00608178116465,82.0,3
2026-09-19 16:00:00+00:00,2026-09-19 12:00:00-04:00,61,77.53480522588434,77.74858757062147,80.0,78.76548436020965,77.63121238577074,77.48256324270176,85.10867703823553,75.35167775790302,84.64911519754577,84.0,3
2026-09-19 17:00:00+00:00,2026-09-19 13:00:00-04:00,62,79.63836744106246,79.38418079096046,82.0,80.85207196176232,79.73812586983533,79.56875889196225,87.21223925341364,77.4382653594557,86.73570279909842,85.0,3
2026-09-19 18:00:00+00:00,2026-09-19 14:00:00-04:00,63,80.9086321856348,80.52824858757062,83.0,82.10559622157326,81.01945009408104,80.83744295336876,88.48250399798599,78.69178961926664,87.98922705890936,87.0,3
2026-09-19 19:00:00+00:00,2026-09-19 15:00:00-04:00,64,81.20653278228501,81.14488636363636,84.0,82.38698723301405,81.33344036880597,81.14825753287066,88.7804045946362,78.97318063070742,88.27061807035017,84.0,3
2026-09-19 20:00:00+00:00,2026-09-19 16:00:00-04:00,65,80.55387286930817,81.25141242937853,86.0,81.71804544960918,80.69849039941838,80.51942725007432,88.11847576540752,78.30423884730254,87.60167628694529,88.0,3
2026-09-19 21:00:00+00:00,2026-09-19 17:00:00-04:00,66,79.12033949853874,80.65254237288136,86.0,80.26845478234972,79.28100276777916,79.11574668474373,87.3228625004619,76.85464818004309,86.15208561968583,88.0,3
2026-09-19 22:00:00+00:00,2026-09-19 18:00:00-04:00,67,77.17817270073175,79.40677966101696,85.0,78.3104521644686,77.35084441361245,77.20446668149684,85.38069570265489,74.89664556216198,84.1940830018047,86.0,3
2026-09-19 23:00:00+00:00,2026-09-19 19:00:00-04:00,68,75.0366276562489,76.70621468926554,83.0,76.15328972152916,75.21631896165812,75.0908959278008,83.23915065817204,72.73948311922254,82.03692055886526,83.0,3
2026-09-20 00:00:00+00:00,2026-09-19 20:00:00-04:00,69,72.97328451084759,73.39830508474576,78.0,74.07454458662495,73.15558267100691,73.05048086939605,80.57442513675274,70.66073798431833,79.95817542396105,80.0,3
2026-09-20 01:00:00+00:00,2026-09-19 21:00:00-04:00,70,71.17964442181105,71.59322033898304,76.0,72.26571494592862,71.3619241598609,71.27461565488278,78.73592626942519,68.851908343622,78.14934578326472,79.0,3
2026-09-20 02:00:00+00:00,2026-09-19 22:00:00-04:00,71,69.73422726595216,70.35694050991502,72.0,70.80531774612271,69.9162190028279,69.84336449064176,77.2905091135663,67.39151114381607,76.68894858345882,78.0,3
2026-09-20 03:00:00+00:00,2026-09-19 23:00:00-04:00,72,68.60871510773156,69.48441926345609,71.0,69.66503216195241,68.79228669408718,68.73076850767943,76.1649969553457,66.25122555964577,75.54866299928852,77.0,3
2026-09-20 04:00:00+00:00,2026-09-20 00:00:00-04:00,73,67.70364213514983,68.72857142857143,68.0,68.7453895315604,67.8918719211583,67.83949074476067,75.25992398276398,61.12233525148265,75.24958448478166,75.0,4
2026-09-20 05:00:00+00:00,2026-09-20 01:00:00-04:00,74,66.90215234983734,67.96022727272727,68.0,67.9295310460269,67.0979705254029,67.05362860857215,74.45843419745148,60.30647676594914,74.43372599924815,74.0,4
2026-09-20 06:00:00+00:00,2026-09-20 02:00:00-04:00,75,66.1255731698896,67.20454545454545,67.0,67.13878135166283,66.33037128102441,66.29372076321489,73.62357127275291,59.51572707158508,73.64297630488409,72.0,4
2026-09-20 07:00:00+00:00,2026-09-20 03:00:00-04:00,76,65.37426056851744,66.54829545454545,66.0,66.37349368812536,65.5868825266227,65.55757714505667,72.87225867138075,58.75043940804761,72.87768864134662,71.0,4
2026-09-20 08:00:00+00:00,2026-09-20 04:00:00-04:00,77,64.74142457351012,65.94900849858357,64.0,65.72687538735367,64.95785239610365,64.93466045827374,72.8795970523552,58.10382110727592,72.23107034057493,69.0,4
2026-09-20 09:00:00+00:00,2026-09-20 05:00:00-04:00,78,64.39528233068009,65.55681818181819,63.0,65.36714093649368,64.60914295153756,64.58922605098016,71.85871590869185,57.74408665641593,71.87133588971494,68.0,4
2026-09-20 10:00:00+00:00,2026-09-20 06:00:00-04:00,79,64.53383561967598,65.09375,61.0,65.49228949319817,64.7376315090105,64.71625392132297,71.99726919768774,57.86923521312042,71.99648444641943,67.0,4
2026-09-20 11:00:00+00:00,2026-09-20 07:00:00-04:00,80,65.32440106997423,64.8328611898017,61.0,66.26963510111258,65.51116726168561,65.48198554073454,72.4135607988312,58.64658082103483,72.77383005433384,67.0,4
2026-09-20 12:00:00+00:00,2026-09-20 08:00:00-04:00,81,66.84460213266168,65.98300283286119,63.0,67.77679866115886,67.00956960826913,66.96549153755836,73.93376186151865,60.15374438108111,74.28099361438012,68.0,4
2026-09-20 13:00:00+00:00,2026-09-20 09:00:00-04:00,82,69.04160093465384,69.13031161473087,69.0,69.96093978526174,69.18343458833634,69.11787463368442,76.55718900225419,62.33788550518399,76.465134738483,73.0,4
2026-09-20 14:00:00+00:00,2026-09-20 10:00:00-04:00,83,71.72185556659093,72.26685552407932,73.0,72.62851408375961,71.84313798826999,71.75137679996541,79.23744363419128,65.00545980368186,79.13270903698087,77.0,4
2026-09-20 15:00:00+00:00,2026-09-20 11:00:00-04:00,84,74.57581101310035,75.11931818181819,78.0,75.46996409518859,74.68263421395962,74.56294549630104,82.0913990807007,67.84690981511083,81.97415904840985,80.0,4
2026-09-20 16:00:00+00:00,2026-09-20 12:00:00-04:00,85,77.23275998206434,77.36827195467423,80.0,78.11458011507827,77.33351555640178,77.18776772619842,84.80663179441552,70.49152583500052,84.61877506829953,84.0,4
2026-09-20 17:00:00+00:00,2026-09-20 13:00:00-04:00,86,79.33308810937179,78.98866855524079,82.0,80.20274540023819,79.43675170695514,79.27031362541021,86.90695992172297,72.57969112016043,86.70694035345944,85.0,4
2026-09-20 18:00:00+00:00,2026-09-20 14:00:00-04:00,87,80.60039160937231,80.10764872521247,83.0,81.45805381875299,80.7147255884446,80.5356739059376,88.1742634217235,73.83499953867523,87.96224877197425,91.0,4
2026-09-20 19:00:00+00:00,2026-09-20 15:00:00-04:00,88,80.89579551360202,80.79261363636364,84.0,81.74162808825557,81.02591046951291,80.84370692808241,88.46966732595321,74.11857380817781,88.24582304147683,90.0,4
2026-09-20 20:00:00+00:00,2026-09-20 16:00:00-04:00,89,80.24126328810598,80.86968838526913,86.0,81.07542939280313,80.38888064614568,80.21281638559286,87.80586618420534,73.45237511272538,87.57962434602439,91.0,4
2026-09-20 21:00:00+00:00,2026-09-20 17:00:00-04:00,90,78.80659899692168,80.28895184135978,86.0,79.62925954592056,78.97016957792124,78.80792651098561,87.00912199884482,72.00620526584281,86.13345449914182,91.0,4
2026-09-20 22:00:00+00:00,2026-09-20 18:00:00-04:00,91,76.86410886982009,79.04815864022663,85.0,77.67542255790724,77.03971643135766,76.8963595260584,85.06663187174323,70.05236827782949,84.1796175111285,89.0,4
2026-09-20 23:00:00+00:00,2026-09-20 19:00:00-04:00,92,74.7230589587975,76.3257790368272,83.0,75.5231822919008,74.90583348645677,74.78343235737847,82.92558196072065,67.90012801182304,82.02737724512205,86.0,4
2026-09-21 00:00:00+00:00,2026-09-20 20:00:00-04:00,93,72.66098423095403,73.0084985835694,78.0,73.45007155633337,72.84662151812334,72.74453601214105,80.26212485685917,65.82701727625562,79.95426650955463,82.0,4
2026-09-21 01:00:00+00:00,2026-09-20 21:00:00-04:00,94,70.86928773103956,71.24362606232295,76.0,71.6474912670611,71.05525334291266,70.97094934141026,78.42556957865371,64.02443698698335,78.15168622028236,81.0,4
2026-09-21 02:00:00+00:00,2026-09-20 22:00:00-04:00,95,69.42634503025636,70.0028409090909,72.0,70.19381489575608,69.61243636496371,69.5425693089055,76.9826268778705,62.57076061567832,76.69800984897734,79.0,4
2026-09-21 03:00:00+00:00,2026-09-20 23:00:00-04:00,96,68.30365759645049,69.17897727272727,71.0,69.0605418396928,68.4917810688723,68.43322932373846,75.85993944406464,61.43748755961505,75.56473679291406,78.0,4
2026-09-21 04:00:00+00:00,2026-09-21 00:00:00-04:00,97,67.40155511389776,68.41833810888252,68.0,68.14799974113465,67.59479661376959,67.54535845538703,74.9578369615119,60.5249454610569,74.65219469435591,77.0,5
2026-09-21 05:00:00+00:00,2026-09-21 01:00:00-04:00,98,66.60296718992497,67.66381766381767,68.0,67.33911619356127,66.8042329235787,66.76280991656913,74.15924903753911,59.71606191348352,73.84331114678253,76.0,5
2026-09-21 06:00:00+00:00,2026-09-21 02:00:00-04:00,99,65.82901164623632,66.92022792022792,67.0,66.55500703260638,66.03963930058998,66.00588466904094,73.32700974909963,58.93195275252863,73.05920198582764,76.0,5
2026-09-21 07:00:00+00:00,2026-09-21 03:00:00-04:00,100,65.079854011682,66.25356125356126,66.0,65.7958358284434,65.29860744397236,65.27217770402525,72.57785211454531,58.17278154836565,72.30003078166466,75.0,5
2026-09-21 08:00:00+00:00,2026-09-21 04:00:00-04:00,101,64.44854605842667,65.64204545454545,64.0,65.154652421576,64.67130649865338,64.65097423955899,72.58671853727174,57.53159814149825,71.65884737479726,74.0,5
2026-09-21 09:00:00+00:00,2026-09-21 05:00:00-04:00,102,64.10318969226289,65.24786324786325,63.0,64.79955681277892,64.32346942361016,64.30640172907009,71.56662327027465,57.17650253270117,71.30375176600018,74.0,5
2026-09-21 10:00:00+00:00,2026-09-21 06:00:00-04:00,103,64.2417223447385,64.7948717948718,61.0,64.92848455485789,64.45190313420181,64.43337060120632,71.70515592275027,57.305430274780136,71.43267950807915,72.0,5
2026-09-21 11:00:00+00:00,2026-09-21 07:00:00-04:00,104,65.03145157657528,64.51704545454545,61.0,65.7087413557058,65.22444992066661,65.19811582167924,72.12061130543225,58.08568707562805,72.21293630892706,73.0,5
2026-09-21 12:00:00+00:00,2026-09-21 08:00:00-04:00,105,66.55004764883648,65.6278409090909,63.0,67.21799564911291,66.72098622432229,66.67976499757137,73.63920737769345,59.59494136903516,73.72219060233417,74.0,5
2026-09-21 13:00:00+00:00,2026-09-21 09:00:00-04:00,106,68.74477214891058,68.79261363636364,69.0,69.40350722039807,68.89222514395878,68.82953738961885,76.26036021651093,61.78045294032032,75.90770217361933,77.0,5
2026-09-21 14:00:00+00:00,2026-09-21 10:00:00-04:00,107,71.42222844516343,71.94943181818182,73.0,72.0718776607132,71.54871150676824,71.45984306850534,78.93781651276377,64.44882338063545,78.57607261393446,81.0,5
2026-09-21 15:00:00+00:00,2026-09-21 11:00:00-04:00,108,74.27304264839637,74.81766381766381,78.0,74.91373132815865,74.3846091514758,74.26783763009561,81.3386943799303,67.2906770480809,81.4179262813799,85.0,5
2026-09-21 16:00:00+00:00,2026-09-21 12:00:00-04:00,109,76.9267120207873,77.08522727272727,80.0,77.55856375638614,77.03174584439789,76.88894198955185,84.05064749707208,69.93550947630838,84.0627587096074,88.0,5
2026-09-21 17:00:00+00:00,2026-09-21 13:00:00-04:00,110,79.02383616048243,78.70738636363636,82.0,79.64697283885698,79.13133666835819,78.96786995099026,85.89344682218851,72.02391855877923,86.15116779207824,90.0,5
2026-09-21 18:00:00+00:00,2026-09-21 14:00:00-04:00,111,80.2882199929974,79.81818181818181,83.0,80.90276181991455,80.40600305506217,80.22994897100035,87.15783065470347,73.27970753983679,87.4069567731358,93.0,5
2026-09-21 19:00:00+00:00,2026-09-21 15:00:00-04:00,112,80.5811777163251,80.4928774928775,84.0,81.18724323956761,80.71443357832848,80.5352510305975,87.45078837803118,73.56418895948985,87.69143819278887,94.0,5
2026-09-21 20:00:00+00:00,2026-09-21 16:00:00-04:00,113,79.92482946898176,80.64488636363636,86.0,80.52253560121663,80.07537990896915,79.90235570921715,86.81635654858492,72.89948132113888,87.02673055443789,94.0,5
2026-09-21 21:00:00+00:00,2026-09-21 17:00:00-04:00,114,78.48909277499962,80.0909090909091,86.0,79.07855481633113,78.65550282617373,78.49631336721926,85.98735462627766,71.45550053625338,85.5827497695524,92.0,5
2026-09-21 22:00:00+00:00,2026-09-21 18:00:00-04:00,115,76.54633635726287,78.8153409090909,85.0,77.12766801747442,76.7248100666107,76.58451398376454,84.04459820854092,69.50461373739667,83.63186297069568,88.0,5
2026-09-21 23:00:00+00:00,2026-09-21 19:00:00-04:00,116,74.4058335336647,76.0,83.0,74.97914695415389,74.59161906106395,74.47227925797728,81.90409538494275,67.35609267407614,81.48334190737515,78.0,5
2026-09-22 00:00:00+00:00,2026-09-21 20:00:00-04:00,117,72.34507083417081,72.67897727272727,78.0,72.91047660958203,72.53397198833204,72.43494168303792,79.24195030943085,65.28742232950428,79.41467156280329,75.0,5
2026-09-22 01:00:00+00:00,2026-09-21 21:00:00-04:00,118,70.55535050317945,70.95170454545455,76.0,71.11295770273811,70.74492335756406,70.66366233918426,77.4073712001485,63.48990342266036,77.61715265595937,72.0,5
2026-09-22 02:00:00+00:00,2026-09-21 22:00:00-04:00,119,69.11490187350698,69.72649572649573,72.0,69.66481806205938,69.30501067497619,69.23816924628446,75.96692257047603,62.04176378198163,76.16901301528064,71.0,5
2026-09-22 03:00:00+00:00,2026-09-21 23:00:00-04:00,120,67.99504477137565,68.92022792022792,71.0,68.53737603013872,68.18763458529497,68.13208727952929,74.8470654683447,60.91432175006096,75.04157098335997,73.0,5
2026-09-22 04:00:00+00:00,2026-09-22 00:00:00-04:00,121,67.09590429203948,68.15517241379311,68.0,67.6307552390643,67.29406884354772,67.24761167239716,73.94792498900853,60.00770095898655,74.13495019228556,72.0,6
2026-09-22 05:00:00+00:00,2026-09-22 01:00:00-04:00,122,66.30019652915522,67.39714285714285,68.0,66.82767033950832,66.50681852704777,66.46835251359379,73.15221722612426,59.20461605943056,73.33186529272957,71.0,6
2026-09-22 06:00:00+00:00,2026-09-22 02:00:00-04:00,123,65.52883149463771,66.63142857142857,67.0,66.04902992030398,65.7451954106085,65.7143749962759,72.32256844685593,58.42597564022623,72.55322487352524,70.0,6
2026-09-22 07:00:00+00:00,2026-09-22 03:00:00-04:00,124,64.78178684348713,65.98285714285714,66.0,65.29481023299817,65.0065772391298,64.98306183190327,71.57552379570534,57.67175595292042,71.79900518621943,70.0,6
2026-09-22 08:00:00+00:00,2026-09-22 04:00:00-04:00,125,64.15195927084541,65.35042735042735,64.0,64.65790658863729,64.38095741070602,64.36352396700069,71.58587059904538,57.034852308559536,71.16210154185855,69.0,6
2026-09-22 09:00:00+00:00,2026-09-22 05:00:00-04:00,126,63.80733901162857,64.97142857142858,63.0,64.30630785713242,64.03394335831771,64.01976450403205,70.56651143899524,56.68325357705467,70.81050281035368,69.0,6
2026-09-22 10:00:00+00:00,2026-09-22 06:00:00-04:00,127,63.9458028645758,64.49714285714286,61.0,64.43788949104518,64.16227526352989,64.14662793213022,70.42303904693809,56.81483521096743,70.94208444426644,69.0,6
2026-09-22 11:00:00+00:00,2026-09-22 07:00:00-04:00,128,64.73465292859457,64.22507122507122,61.0,65.21995226167319,64.93379201902283,64.91034617865859,70.45969804600661,57.59689798159543,71.72414721489444,69.0,6
2026-09-22 12:00:00+00:00,2026-09-22 08:00:00-04:00,129,66.25160952613814,65.32763532763532,63.0,66.73021518217135,66.42843021207332,66.39010689634652,71.50808331292646,59.1071609020936,73.23441013539261,70.0,6
2026-09-22 13:00:00+00:00,2026-09-22 09:00:00-04:00,130,68.44403637804324,68.4985754985755,69.0,68.91604068213708,68.59702248900314,68.53724834070265,74.12693850357492,61.29298640205933,75.42023563535834,71.0,6
2026-09-22 14:00:00+00:00,2026-09-22 10:00:00-04:00,131,71.11868404157295,71.67578347578348,73.0,71.58417804540406,71.25028442015244,71.16435035845663,76.54557865693063,63.96112376532631,78.08837299862532,73.0,6
2026-09-22 15:00:00+00:00,2026-09-22 11:00:00-04:00,132,73.96636077183022,74.58,78.0,74.42543427121008,74.08259007630153,73.9687774625911,79.3932553871879,66.80237999113233,80.92962922443134,73.0,6
2026-09-22 16:00:00+00:00,2026-09-22 12:00:00-04:00,133,76.616768440268,76.88603988603988,80.0,77.06950999246496,76.72600253991267,76.58618431197836,81.6830096164008,69.4464557123872,83.57370494568622,78.0,6
2026-09-22 17:00:00+00:00,2026-09-22 13:00:00-04:00,134,78.7107196949805,78.52421652421653,82.0,79.15721663580281,78.82198117812176,78.66152727307292,83.77696087111329,71.53416235572506,85.66141158902407,78.0,6
2026-09-22 18:00:00+00:00,2026-09-22 14:00:00-04:00,135,79.97222635518351,79.6923076923077,83.0,80.41256481582687,80.09338395180743,79.92036857829699,84.75467986204482,72.78951053574912,86.91675976904813,80.0,6
2026-09-22 19:00:00+00:00,2026-09-22 15:00:00-04:00,136,80.26278918687674,80.34857142857143,84.0,80.69705411053928,80.39911202299592,80.22299113243994,84.96525691032491,73.07399983046153,87.20124906376054,83.0,6
2026-09-22 20:00:00+00:00,2026-09-22 16:00:00-04:00,137,79.60468179934315,80.47863247863248,86.0,80.0329569576114,79.75809116901445,79.58814716005104,84.3290659406884,72.40990267753365,86.53715191083266,82.0,6
2026-09-22 21:00:00+00:00,2026-09-22 17:00:00-04:00,138,78.16793159078098,79.90883190883191,86.0,78.59029959978976,78.33710589282998,78.18100958704959,83.4990505038011,70.967245319712,85.09449455301102,81.0,6
2026-09-22 22:00:00+00:00,2026-09-22 18:00:00-04:00,139,76.2249660527664,78.61253561253561,85.0,76.64150838913582,76.40622882429898,76.26903251006433,81.39354119621716,69.01845410905807,83.14570334235708,74.0,6
2026-09-22 23:00:00+00:00,2026-09-22 19:00:00-04:00,140,74.08506216119875,75.76923076923077,83.0,74.4958591777514,74.27377903898106,74.1575389328193,79.2536373046495,66.87280489767365,81.00005413097266,70.0,6
2026-09-23 00:00:00+00:00,2026-09-22 20:00:00-04:00,141,72.02565476478514,72.47293447293447,78.0,72.43078570604654,72.21773702501157,72.1217997763495,76.5928475322179,64.80773142596878,78.9349806592678,69.0,6
2026-09-23 01:00:00+00:00,2026-09-22 21:00:00-04:00,142,70.23794264962306,70.78062678062678,76.0,70.63748566710821,70.43103651343091,70.35285591167403,74.76027663876482,63.014431387030456,77.14168062032947,68.0,6
2026-09-23 02:00:00+00:00,2026-09-22 22:00:00-04:00,143,68.80000702070129,69.58,72.0,69.19403918799048,68.99404343542281,68.93026476368159,73.32234100984304,61.57098490791273,75.69823414121174,67.0,6
2026-09-23 03:00:00+00:00,2026-09-22 23:00:00-04:00,144,67.68298507143294,68.76571428571428,71.0,68.07158239903957,67.87994782773868,67.82744192340871,72.2053190605747,60.44852811896182,74.57577735226083,66.0,6
2026-09-23 04:00:00+00:00,2026-09-23 00:00:00-04:00,145,66.78679728337741,67.99425287356321,68.0,67.17003473341074,66.98978823534162,66.94634899091241,71.0929811598013,59.54698045333299,73.674229686632,65.0,7
2026-09-23 05:00:00+00:00,2026-09-23 01:00:00-04:00,146,65.99394718042369,67.25787965616045,68.0,66.37189868104934,66.20582603231745,66.17035407288574,70.30013105684758,58.74884440097159,72.8760936342706,65.0,7
2026-09-23 06:00:00+00:00,2026-09-23 02:00:00-04:00,147,65.22513881287746,66.51002865329512,67.0,65.59787727257853,65.44713748082279,65.4192885974943,69.47303894455052,57.974822992500776,72.10207222579979,64.0,7
2026-09-23 07:00:00+00:00,2026-09-23 03:00:00-04:00,148,64.48016458807041,65.88252148997135,66.0,64.84776190971176,64.71088912004963,64.69032572471991,68.72806471974347,57.22470762963401,71.35195686293302,63.0,7
2026-09-23 08:00:00+00:00,2026-09-23 04:00:00-04:00,149,63.85176934867643,65.26,64.0,64.21429644337513,64.08690189548192,64.07240539584284,68.73984385633125,56.59124216329738,70.71849139659639,62.0,7
2026-09-23 09:00:00+00:00,2026-09-23 05:00:00-04:00,150,63.50783526096848,64.88538681948424,63.0,63.86536206177285,63.74066132839603,63.72940994293253,67.72117086779,56.2423077816951,70.3695570149941,61.0,7
2026-09-23 10:00:00+00:00,2026-09-23 06:00:00-04:00,151,63.646182224136,64.4297994269341,61.0,63.99877769951595,63.86884455327025,63.85612156513061,67.45366053839695,56.3757234194382,70.5029726527372,61.0,7
2026-09-23 11:00:00+00:00,2026-09-23 07:00:00-04:00,152,64.43411048383096,64.16285714285715,61.0,64.78184265098237,64.63929057160055,64.61877261972535,67.20973812073603,57.15878837090462,71.28603760420363,61.0,7
2026-09-23 12:00:00+00:00,2026-09-23 08:00:00-04:00,153,65.94939366047575,65.18857142857142,63.0,66.29232959844126,66.13199920214758,66.09661385420762,66.85703771908031,58.6692753183635,72.79652455166251,60.0,7
2026-09-23 13:00:00+00:00,2026-09-23 09:00:00-04:00,154,68.13950025106612,68.28857142857143,69.0,68.47770611367496,68.29792509165746,68.241104939524,69.47357264841405,60.8546518335972,74.98190106689621,60.0,7
2026-09-23 14:00:00+00:00,2026-09-23 10:00:00-04:00,155,70.81132986931891,71.42914285714286,73.0,71.14487089794825,70.94795620536223,70.86499712435707,72.14540226666684,63.5218166178705,77.64906585116951,61.0,7
2026-09-23 15:00:00+00:00,2026-09-23 11:00:00-04:00,156,73.65587387879266,74.31714285714285,78.0,73.98481441495301,73.77667758302027,73.66586455805317,74.98994627614059,66.36176013487525,80.48900936817427,61.0,7
2026-09-23 16:00:00+00:00,2026-09-23 12:00:00-04:00,157,76.3030387545645,76.59428571428572,80.0,76.62744225231138,76.4163873943362,76.27959540598617,77.36825331797858,69.00438797223363,83.13163720553264,62.0,7
2026-09-23 17:00:00+00:00,2026-09-23 13:00:00-04:00,158,78.39384921923613,78.26571428571428,82.0,78.71377825741074,78.50878811121885,78.35138741904747,79.45906378265022,71.09072397733298,85.217973210632,62.0,7
2026-09-23 18:00:00+00:00,2026-09-23 14:00:00-04:00,159,79.65252210695029,79.41428571428571,83.0,79.96803840125112,79.77697217392361,79.60703556716683,80.71773667036437,72.34498412117337,86.47223335447238,63.0,7
2026-09-23 19:00:00+00:00,2026-09-23 15:00:00-04:00,160,79.94074209797932,80.08882521489971,84.0,80.25190651286748,80.08005055272126,79.90703091946678,81.00595666139341,72.62885223278973,86.75610146608874,63.0,7
2026-09-23 20:00:00+00:00,2026-09-23 16:00:00-04:00,161,79.2809330251918,80.18571428571428,86.0,79.58780558563194,79.43711981155165,79.27029505387831,80.36806400650296,71.96475130555419,86.0920005388532,62.0,7
2026-09-23 21:00:00+00:00,2026-09-23 17:00:00-04:00,162,77.84322854256479,79.61428571428571,86.0,78.1458684456043,78.01508454466308,77.86211986327737,79.53709429555084,70.52281416552654,84.65006339882555,62.0,7
2026-09-23 22:00:00+00:00,2026-09-23 18:00:00-04:00,163,75.90011116853094,78.29142857142857,85.0,76.19857679471919,76.08407857890822,75.9500199028663,77.593976921517,68.57552251464143,82.70277174794045,61.0,7
2026-09-23 23:00:00+00:00,2026-09-23 19:00:00-04:00,164,73.76085792802071,75.44857142857143,83.0,74.05520685267099,73.95241912812857,73.83931601262468,75.45472368100677,66.43215257259324,80.55940180589225,61.0,7
2026-09-24 00:00:00+00:00,2026-09-23 20:00:00-04:00,165,71.70284875967275,72.18857142857142,78.0,71.99313776396876,71.8980219135194,71.80521450155656,72.7953321366408,64.37008348389101,78.49733271719002,61.0,7
2026-09-24 01:00:00+00:00,2026-09-23 21:00:00-04:00,166,69.91717636399139,70.58571428571429,76.0,70.20346144594063,70.11369745309898,70.03863362869052,70.96480096266843,62.58040716586288,76.70765639916189,61.0,7
2026-09-24 02:00:00+00:00,2026-09-23 22:00:00-04:00,167,68.4817719725895,69.34670487106017,72.0,68.76410835782545,68.67963847675028,68.61895862335834,69.52939657126655,61.1410540777477,75.26830331104671,61.0,7
2026-09-24 03:00:00+00:00,2026-09-23 23:00:00-04:00,168,67.36758920900382,68.55587392550143,71.0,67.64603136143927,67.56882370755122,67.51939510422439,68.41521380768087,60.02297708136152,74.15022631466053,62.0,7
2026-09-24 04:00:00+00:00,2026-09-24 00:00:00-04:00,169,66.47434397705764,67.82132564841498,68.0,66.74894560939099,66.68205674413821,66.64167130973294,67.52196857573469,57.271057589974255,74.66446117454042,62.0,8
2026-09-24 05:00:00+00:00,2026-09-24 01:00:00-04:00,170,65.68432823776314,67.02011494252874,68.0,65.95514232183977,65.90135647296596,65.86891457826806,66.73195283644019,56.47725430242304,73.8706578869892,61.0,8
2026-09-24 06:00:00+00:00,2026-09-24 02:00:00-04:00,171,64.91804198902794,66.3103448275862,67.0,65.1851207660588,65.14556572814205,65.1207246458823,65.90738284295415,55.70723274664207,73.10063633120824,61.0,8
2026-09-24 07:00:00+00:00,2026-09-24 03:00:00-04:00,172,64.17509507158971,65.67816091954023,66.0,64.43849006222881,64.41164265429654,64.39406791145906,65.16443592551592,54.96060204281208,72.35400562737824,61.0,8
2026-09-24 08:00:00+00:00,2026-09-24 04:00:00-04:00,173,63.54808374520569,65.04584527220631,64.0,63.80784575948866,63.78923908962688,63.77771662797396,65.17759897511367,54.32995774007193,71.7233613246381,60.0,8
2026-09-24 09:00:00+00:00,2026-09-24 05:00:00-04:00,174,63.20478574176256,64.66379310344827,63.0,63.460964888908165,63.4437222941227,63.4354359734586,64.15956207083723,53.98307686949144,71.3764804540576,60.0,8
2026-09-24 10:00:00+00:00,2026-09-24 06:00:00-04:00,175,63.34296781101926,64.21264367816092,61.0,63.59561350909564,63.57171006056512,63.56194952504473,64.01789027209053,54.11772548967891,71.51112907424508,59.0,8
2026-09-24 11:00:00+00:00,2026-09-24 07:00:00-04:00,176,64.12993195448001,63.91404011461318,61.0,64.37909293993768,64.34104500560696,64.32349353809084,64.4305805663965,54.90120492052095,72.29460850508711,59.0,8
2026-09-24 12:00:00+00:00,2026-09-24 08:00:00-04:00,177,65.6435083113221,64.92550143266476,63.0,65.88923264839536,65.83179324628072,65.79938488526773,65.94415692323858,56.41134462897863,73.8047482135448,59.0,8
2026-09-24 13:00:00+00:00,2026-09-24 09:00:00-04:00,178,67.83127276636365,67.98853868194843,69.0,68.07360785634249,67.9950338464979,67.94120703764736,68.55834971702352,58.59571983692576,75.98912342149193,59.0,8
2026-09-24 14:00:00+00:00,2026-09-24 10:00:00-04:00,179,70.5002758131627,71.12091690544413,73.0,70.73926840353661,70.64182876704169,70.56188422098155,71.22735276382257,61.26138038411988,78.65478396868605,59.0,8
2026-09-24 15:00:00+00:00,2026-09-24 11:00:00-04:00,180,73.34169283362858,73.99140401146131,78.0,73.5773890271044,73.46697469105692,73.35920087810666,74.06876978428845,64.09950100768768,81.49290459225384,59.0,8
2026-09-24 16:00:00+00:00,2026-09-24 12:00:00-04:00,181,75.98563484018311,76.25787965616045,80.0,76.21808010357842,76.10300457692551,75.96927837449643,76.7709955355938,66.74019208416169,84.13359566872785,60.0,8
2026-09-24 17:00:00+00:00,2026-09-24 13:00:00-04:00,182,78.07333759165246,77.93696275071633,82.0,78.30257676466633,78.19186274975247,78.03755459605001,78.85869828706315,68.8246887452496,86.21809232981576,61.0,8
2026-09-24 18:00:00+00:00,2026-09-24 14:00:00-04:00,183,79.32922099758281,79.08595988538681,83.0,79.55529830144557,79.45687400989225,79.29005514291447,80.1145816929935,70.07741028202884,87.47081386659501,62.0,8
2026-09-24 19:00:00+00:00,2026-09-24 15:00:00-04:00,184,79.6151509442871,79.75574712643679,84.0,79.83810999029083,79.75735629372643,79.58747642742094,80.40051163969778,70.36022197087411,87.75362555544027,63.0,8
2026-09-24 20:00:00+00:00,2026-09-24 16:00:00-04:00,185,78.9536981965236,79.81948424068769,86.0,79.17358199443491,79.11257358129679,78.94890603896688,79.76097530983138,69.69569397501817,87.08909755958435,64.0,8
2026-09-24 21:00:00+00:00,2026-09-24 17:00:00-04:00,186,77.51509901417522,79.3381088825215,86.0,77.73194998053204,77.68954689005136,77.53975120352953,78.75523435714973,68.2540619611153,85.64746554568147,64.0,8
2026-09-24 22:00:00+00:00,2026-09-24 18:00:00-04:00,187,75.57188718438974,77.97421203438395,85.0,75.78574715068363,75.758467529513,75.62758325807505,76.81202252736425,66.3078591312669,83.70126271583307,62.0,8
2026-09-24 23:00:00+00:00,2026-09-24 19:00:00-04:00,188,73.43333617213919,75.08882521489971,83.0,73.64424639288484,73.62764734586287,73.51771741113565,75.86135086047459,64.16635837346811,81.55976195803427,62.0,8
2026-09-25 00:00:00+00:00,2026-09-24 20:00:00-04:00,189,71.37676779345475,71.89398280802293,78.0,71.58476895414813,71.57493423627113,71.4852923389447,73.20340010577213,62.1068809347314,79.50028451929757,61.0,8
2026-09-25 01:00:00+00:00,2026-09-24 21:00:00-04:00,190,69.59316606739051,70.32951289398281,76.0,69.79829829235733,69.79301310733096,69.72110132210071,71.3749396014169,60.3204102729406,77.71381385750676,61.0,8
2026-09-25 02:00:00+00:00,2026-09-24 22:00:00-04:00,191,68.16031045107543,69.09770114942529,72.0,68.36261331121122,68.36190191267937,68.3043558448264,69.94208398510182,58.88472529179449,76.27812887636065,60.0,8
2026-09-25 03:00:00+00:00,2026-09-24 23:00:00-04:00,192,67.0489701154982,68.31896551724138,71.0,67.24848263590175,67.25436741863923,67.20805092741523,68.83074364952458,57.77059461648502,75.16399820105119,60.0,8
2026-09-25 04:00:00+00:00,2026-09-25 00:00:00-04:00,193,66.15865648332507,67.58092485549133,68.0,66.35541715082658,66.3709786108772,66.33368178765731,67.94043001735146,56.87752913140985,74.27093271597602,60.0,9
2026-09-25 05:00:00+00:00,2026-09-25 01:00:00-04:00,194,65.37145102227318,66.78674351585015,68.0,65.56549779285845,65.59351317566775,65.56413628067635,67.15322455629956,56.08760977344172,73.48101335800789,59.0,9
2026-09-25 06:00:00+00:00,2026-09-25 02:00:00-04:00,195,64.60765164752806,66.0806916426513,67.0,64.79902195366043,64.84058267284662,64.81878459194498,66.33114143680362,55.3211339342437,72.71453751880986,58.0,9
2026-09-25 07:00:00+00:00,2026-09-25 03:00:00-04:00,196,63.866688368406095,65.45821325648414,66.0,64.0554191262473,64.10893972537959,64.0943892108954,65.59017815768165,54.57753110683057,71.97093469139674,57.0,9
2026-09-25 08:00:00+00:00,2026-09-25 04:00:00-04:00,197,63.24101217532768,64.83333333333333,64.0,63.42713979185914,63.4880704596116,63.47955806882817,65.60467634058499,53.94925177244241,71.34265535700858,55.0,9
2026-09-25 09:00:00+00:00,2026-09-25 05:00:00-04:00,198,62.89830003099581,64.45244956772335,63.0,63.08186041104173,63.14322755970623,63.13794284080862,64.74744569562048,53.603972391625,70.99737597619117,54.0,9
2026-09-25 10:00:00+00:00,2026-09-25 06:00:00-04:00,199,63.036269301607504,64.01729106628243,61.0,63.21729785476101,63.27097319972108,63.26421216731095,64.88541496623218,53.73940983534428,71.13281341991045,52.0,9
2026-09-25 11:00:00+00:00,2026-09-25 07:00:00-04:00,200,63.82222735310672,63.69252873563219,61.0,64.00075900056055,64.03915711673574,64.0246096687541,65.2970991685766,54.52287098114382,71.91627456570998,51.0,9
2026-09-25 12:00:00+00:00,2026-09-25 08:00:00-04:00,201,65.33406404746339,64.67528735632185,63.0,65.51013322874637,65.52791477319673,65.49852135381266,66.80893586293327,56.03224520932964,73.4256487938958,52.0,9
2026-09-25 13:00:00+00:00,2026-09-25 09:00:00-04:00,202,67.51946523715988,67.70977011494253,69.0,67.69310591678044,67.68845203005426,67.63765684168658,69.42076539137314,58.21521789736371,75.60862148192987,56.0,9
2026-09-25 14:00:00+00:00,2026-09-25 10:00:00-04:00,203,70.1856340742741,70.8396551724138,73.0,70.35687974827215,70.33200639274348,70.25511485905669,72.08693422848737,60.87899172885542,78.27239531342158,59.0,9
2026-09-25 15:00:00+00:00,2026-09-25 11:00:00-04:00,204,73.02393081443238,73.72126436781609,78.0,73.19281451684085,73.15358679948913,73.04889073706059,74.92523096864564,63.71492649742412,81.10833008199029,61.0,9
2026-09-25 16:00:00+00:00,2026-09-25 12:00:00-04:00,205,75.66467088051286,76.0,80.0,75.83122518973016,75.78596062921244,75.65533866576806,77.62425477947696,66.35333717031344,83.7467407548796,65.0,9
2026-09-25 17:00:00+00:00,2026-09-25 13:00:00-04:00,206,77.74929996674864,77.69540229885058,82.0,77.91355701182312,77.87131273697153,77.72013534549971,79.70888386571272,68.43566899240639,85.82907257697255,67.0,9
2026-09-25 18:00:00+00:00,2026-09-25 14:00:00-04:00,207,79.00243905838991,78.86494252873563,83.0,79.16443052521768,79.13319809508863,78.96953483098866,80.96202295735401,69.68654250580096,87.07994609036712,70.0,9
2026-09-25 19:00:00+00:00,2026-09-25 15:00:00-04:00,208,79.28613248586275,79.52449567723343,84.0,79.44588962330009,79.43113870259376,79.26443599580237,81.24571638482684,69.96800160388335,87.36140518844952,71.0,9
2026-09-25 20:00:00+00:00,2026-09-25 16:00:00-04:00,209,78.62309461058034,79.54310344827586,86.0,78.78064823647168,78.78456253551096,78.62408904969679,80.60459492744151,69.30276021705495,86.69616380162111,72.0,9
2026-09-25 21:00:00+00:00,2026-09-25 17:00:00-04:00,210,77.18366061805376,79.03735632183908,86.0,77.3390411251766,77.3606033319074,77.21401288371915,79.77189570658982,67.86115310575988,85.25455669032604,73.0,9
2026-09-25 22:00:00+00:00,2026-09-25 18:00:00-04:00,211,75.24041179081244,77.69252873563218,85.0,75.39364915274027,75.42950615261678,75.30183192296398,77.8286468793485,65.91576113332354,83.3091647178897,72.0,9
2026-09-25 23:00:00+00:00,2026-09-25 19:00:00-04:00,212,73.10261442593531,74.76436781609195,83.0,73.2537382028196,73.29957397180809,73.19285227848175,75.69084951447137,63.77585018340287,81.16925376796904,70.0,9
2026-09-26 00:00:00+00:00,2026-09-25 20:00:00-04:00,213,71.04752902152983,71.61781609195403,78.0,71.19656836580234,71.2485838256389,71.16214199303627,73.03438173404787,61.7186803463856,79.11208393095177,65.0,9
2026-09-26 01:00:00+00:00,2026-09-25 21:00:00-04:00,214,69.2660283515475,70.08045977011494,76.0,69.41301201354389,69.4690926480957,69.40036703939039,71.20802228577456,59.93512399412716,77.32852757869333,62.0,9
2026-09-26 02:00:00+00:00,2026-09-25 22:00:00-04:00,215,67.83573834249917,68.835734870317,72.0,67.98069467600509,68.04094209341423,67.98656365858977,69.77773227672623,58.50280665658836,75.89621024115452,58.0,9
2026-09-26 03:00:00+00:00,2026-09-25 23:00:00-04:00,216,66.727242884811,68.0749279538905,71.0,66.87019985253166,66.93668639088793,66.89351570896301,68.66923681903806,57.39231183311493,74.78571541768109,56.0,9
2026-09-26 04:00:00+00:00,2026-09-26 00:00:00-04:00,217,65.83984907716352,67.34202898550724,68.0,65.98083425611775,66.0566603160915,66.0224857976536,67.78184301139058,56.50294623670101,73.89634982126718,54.0,10
2026-09-26 05:00:00+00:00,2026-09-26 01:00:00-04:00,218,65.05542902593393,66.53468208092485,68.0,65.19446961277401,65.28240171404256,65.25612365253733,66.99742296016099,55.71658159335728,73.10998517792345,53.0,10
2026-09-26 06:00:00+00:00,2026-09-26 02:00:00-04:00,219,64.29408059314318,65.82658959537572,67.0,64.4312034094011,64.53229309261393,64.51357211806086,66.1777907826194,54.953315389984375,72.34671897455054,51.0,10
2026-09-26 07:00:00+00:00,2026-09-26 03:00:00-04:00,220,63.55505674514694,65.20809248554913,66.0,63.690288242408485,63.802884486905015,63.791392686275145,65.43876693462316,54.21240022299176,71.60580380755792,50.0,10
2026-09-26 08:00:00+00:00,2026-09-26 04:00:00-04:00,221,62.930666559654746,64.5907780979827,64.0,63.064032824662014,63.18349975594611,63.178032382127,65.45455112511273,53.58614480524528,70.97954838981146,49.0,10
2026-09-26 09:00:00+00:00,2026-09-26 05:00:00-04:00,222,62.58848992524871,64.21965317919076,63.0,62.72001668493243,62.839280727486745,62.83703306242058,64.43763558987338,53.2421286655157,70.63553225008187,52.0,10
2026-09-26 10:00:00+00:00,2026-09-26 06:00:00-04:00,223,62.7261986050657,63.73988439306358,61.0,62.85591123150805,62.96673769631543,62.96301213260351,64.57534426969036,53.37802321209132,70.7714267966575,49.0,10
2026-09-26 11:00:00+00:00,2026-09-26 07:00:00-04:00,224,63.51110893648704,63.43804034582133,61.0,63.63903245181603,63.73373102309841,63.72222404296285,66.64188668732224,54.1611444323993,71.55454801696547,51.0,10
2026-09-26 12:00:00+00:00,2026-09-26 08:00:00-04:00,225,65.02117369061605,64.38904899135447,63.0,65.14733277183241,65.22046854228978,65.19412692851441,68.15195144145126,55.66944475241568,73.06284833698184,56.0,10
2026-09-26 13:00:00+00:00,2026-09-26 09:00:00-04:00,226,67.20419123485534,67.44380403458213,69.0,67.32861021859279,67.37828525417918,67.33055886720817,70.76139732443393,57.850722199176055,75.24412578374222,60.0,10
2026-09-26 14:00:00+00:00,2026-09-26 10:00:00-04:00,227,69.86751911324501,70.57406340057638,73.0,69.99022200046493,70.01859570593638,69.94479455880501,73.04728867070851,60.512333981048194,77.90573756561436,66.0,10
2026-09-26 15:00:00+00:00,2026-09-26 11:00:00-04:00,228,72.70270325571256,73.44668587896254,78.0,72.82371371633387,72.83662163966389,72.7350407550645,75.88247281317607,63.34582569691714,80.7392292814833,70.0,10
2026-09-26 16:00:00+00:00,2026-09-26 12:00:00-04:00,229,75.34026330813286,75.69740634005764,80.0,75.45960468559805,75.46536441722031,75.33788402615744,78.5783166103472,65.98171666618131,83.37512025074749,73.0,10
2026-09-26 17:00:00+00:00,2026-09-26 13:00:00-04:00,230,77.4218537371196,77.37463976945244,82.0,77.5395490528978,77.54724802909921,77.39923849547344,80.65990703933394,68.06166103348107,85.45506461804723,74.0,10
2026-09-26 18:00:00+00:00,2026-09-26 14:00:00-04:00,231,78.67229454434467,78.54178674351586,83.0,78.78836650237254,78.80605536325456,78.64558442900453,81.910347846559,69.3104784829558,86.70388206752197,77.0,10
2026-09-26 19:00:00+00:00,2026-09-26 15:00:00-04:00,232,78.95380568954288,79.1878612716763,84.0,79.06827668060437,79.10150951743414,78.93802021958848,82.19185899175721,69.59038866118763,86.9837922457538,78.0,10
2026-09-26 20:00:00+00:00,2026-09-26 16:00:00-04:00,233,78.28924175299633,79.19308357348703,86.0,78.4021338590419,78.45319899492881,78.29595525804349,81.62577524769065,68.92424583962517,86.31764942419133,80.0,10
2026-09-26 21:00:00+00:00,2026-09-26 17:00:00-04:00,234,76.84903313625301,78.69164265129683,86.0,76.96036813465936,77.02836651844274,76.88501639936685,80.79230140262221,67.48248011524262,84.8758836998088,80.0,10
2026-09-26 22:00:00+00:00,2026-09-26 18:00:00-04:00,235,74.90580482981645,77.31412103746398,85.0,75.01560419758746,75.09730715283328,74.97287744741467,78.84907309618565,65.53771617817074,82.9311197627369,79.0,10
2026-09-26 23:00:00+00:00,2026-09-26 19:00:00-04:00,236,72.76881235706166,74.36887608069165,83.0,72.87709727497142,72.96831149853438,72.86483195241698,76.71208062343086,63.39920925555469,80.79261284012085,76.0,10
2026-09-27 00:00:00+00:00,2026-09-26 20:00:00-04:00,237,70.71525172102591,71.24495677233429,78.0,70.82204307770455,70.91908271470098,70.83587434389929,74.35882194996807,61.34415505828782,78.73755864285398,71.0,10
2026-09-27 01:00:00+00:00,2026-09-26 21:00:00-04:00,238,68.93588191986986,69.70317002881845,76.0,69.04120031583307,69.1420474394522,69.07654099510702,72.23290903193006,59.563312296416335,76.9567158809825,68.0,10
2026-09-27 02:00:00+00:00,2026-09-26 22:00:00-04:00,239,67.50817363884651,68.48554913294798,72.0,67.61203939046948,67.71686955670845,67.66569145776919,70.80520075090672,58.134151371052745,75.52755495561891,61.0,10
2026-09-27 03:00:00+00:00,2026-09-26 23:00:00-04:00,240,66.40252471470752,67.73121387283237,71.0,66.50495785814405,66.61589024143862,66.57589792722722,69.69955182676773,57.02706983872732,74.42047342329349,61.0,10
2026-09-27 04:00:00+00:00,2026-09-27 00:00:00-04:00,241,65.51803813986443,66.98837209302326,68.0,65.61905843491198,65.73921053140457,65.708190878913,68.81506525192464,56.141170415495246,73.53457400006141,58.0,11
2026-09-27 05:00:00+00:00,2026-09-27 01:00:00-04:00,242,64.73637785334795,66.1768115942029,68.0,64.83600478725941,64.96812986036066,64.94498334002905,68.03340496540815,55.35811676784268,72.75152035240885,58.0,11
2026-09-27 06:00:00+00:00,2026-09-27 02:00:00-04:00,243,63.9774437528518,65.46511627906976,67.0,64.07569654409467,64.22080397439834,64.20519309091591,67.21618712016117,54.59780852467794,71.9912121092441,57.0,11
2026-09-27 07:00:00+00:00,2026-09-27 03:00:00-04:00,244,63.24031460269301,64.84057971014492,66.0,63.33721220465668,63.493583314579794,63.48518359787284,66.47905797000237,53.85932418523995,71.25272776980611,55.0,11
2026-09-27 08:00:00+00:00,2026-09-27 04:00:00-04:00,245,62.61716096654813,64.22254335260115,64.0,62.712722071200126,62.875632965241806,62.87324444249446,66.49607870983927,53.2348340517834,70.62823763634957,57.0,11
2026-09-27 09:00:00+00:00,2026-09-27 05:00:00-04:00,246,62.27546938270608,63.85217391304348,63.0,62.36971242419778,62.53198764998072,62.53281138057001,65.48239952593903,52.89182440478105,70.28522798934722,57.0,11
2026-09-27 10:00:00+00:00,2026-09-27 06:00:00-04:00,247,62.41286980525844,63.37101449275362,61.0,62.50581296348115,62.65910953914332,62.65845429933351,65.61704864771626,53.02792494406442,70.42132852863058,56.0,11
2026-09-27 11:00:00+00:00,2026-09-27 07:00:00-04:00,248,63.19669114736319,63.066473988439306,61.0,63.28835235145508,63.42487311699435,63.41644194053875,66.02659614066621,53.81046433203835,71.20386791660452,56.0,11
2026-09-27 12:00:00+00:00,2026-09-27 08:00:00-04:00,249,64.70495225695618,64.0,63.0,64.79534918876091,64.90956159514347,64.88630753450724,67.53485725025921,55.31746116934418,72.71086475391034,57.0,11
2026-09-27 13:00:00+00:00,2026-09-27 09:00:00-04:00,250,66.88556653027541,67.07225433526011,69.0,66.97471662775305,67.06464141725344,67.02001989049594,70.14189986232182,57.49682860833632,74.89023219290249,62.0,11
2026-09-27 14:00:00+00:00,2026-09-27 10:00:00-04:00,251,69.54604759101602,70.20578034682082,73.0,69.63396805160689,69.70170561685025,69.63103110135228,72.80238092306243,60.15608003219016,77.54948361675632,68.0,11
2026-09-27 15:00:00+00:00,2026-09-27 11:00:00-04:00,252,72.37812778897133,73.09826589595376,78.0,72.46483557291344,72.51618922565336,72.41775980912959,75.63446112101774,62.98694755349671,80.38035113806288,71.0,11
2026-09-27 16:00:00+00:00,2026-09-27 12:00:00-04:00,253,75.01253074503744,75.33815028901734,80.0,75.09804257863826,75.1413270815224,75.01702445074548,78.32714782183467,65.62015455922153,83.01355814378769,73.0,11
2026-09-27 17:00:00+00:00,2026-09-27 13:00:00-04:00,254,77.0911184733187,77.00578034682081,82.0,77.17545085218164,77.21978084500789,77.07497511095256,80.40573555011593,67.6975628327649,85.09096641733107,77.0,11
2026-09-27 18:00:00+00:00,2026-09-27 14:00:00-04:00,255,78.33890787365317,78.15317919075144,83.0,78.42207706585975,78.47555899582294,78.31831595664306,81.6535249504504,68.94418904644303,86.33759263100919,78.0,11
2026-09-27 19:00:00+00:00,2026-09-27 15:00:00-04:00,256,78.61829166823719,78.76231884057971,84.0,78.70031371748516,78.76858270691231,78.6083418988371,81.93290874503442,69.22242569806843,86.61582928263459,79.0,11
2026-09-27 20:00:00+00:00,2026-09-27 16:00:00-04:00,257,77.95226123688606,78.76589595375722,86.0,78.03315196558432,78.11859749255066,77.96461802295015,81.59047907017134,68.5552639461676,85.94866753073376,77.0,11
2026-09-27 21:00:00+00:00,2026-09-27 17:00:00-04:00,258,76.51133845937842,78.28901734104046,86.0,76.59111347169926,76.69295129180227,76.55287541481728,80.45460672574762,67.11322545228253,84.5066290368487,79.0,11
2026-09-27 22:00:00+00:00,2026-09-27 18:00:00-04:00,259,74.56818823383276,76.89017341040463,85.0,74.6468629187219,74.76198541144363,74.64083353305736,78.51145650020196,65.16897489930517,82.56237848387133,77.0,11
2026-09-27 23:00:00+00:00,2026-09-27 19:00:00-04:00,260,72.43205170730172,73.91907514450867,83.0,72.50964124144699,72.63397458011717,72.53376990746322,76.37531997367093,63.031753222030254,80.42515680659642,74.0,11
2026-09-28 00:00:00+00:00,2026-09-27 20:00:00-04:00,261,70.38005722971712,70.86127167630057,78.0,70.45657658047602,70.58654508587657,70.50660239636652,74.02362745865929,60.97868856105929,78.37209214562546,71.0,11
2026-09-28 01:00:00+00:00,2026-09-27 21:00:00-04:00,262,68.60284752647475,69.33236994219654,76.0,68.6783114547618,68.81199098632227,68.74973552021652,71.89987463853495,59.200423435345066,76.59382701991123,70.0,11
2026-09-28 02:00:00+00:00,2026-09-27 22:00:00-04:00,263,67.17773637693111,68.10434782608695,72.0,67.25215944006524,67.38979697682228,67.34185074764255,70.47476348899131,57.77427142064851,75.16767500521468,70.0,11
2026-09-28 03:00:00+00:00,2026-09-27 23:00:00-04:00,264,66.07493484618301,67.35072463768115,71.0,66.14833140069578,66.29209072385828,66.25530817269691,69.37196195824322,56.67044338127905,74.06384696584522,69.0,11
2026-09-28 04:00:00+00:00,2026-09-28 00:00:00-04:00,265,65.19334209857077,66.59183673469387,68.0,65.26572630297574,65.41874006891996,65.39090668682043,68.49036921063097,55.787838283559005,73.18124186812517,67.0,12
2026-09-28 05:00:00+00:00,2026-09-28 01:00:00-04:00,266,64.41441516145642,65.78488372093024,68.0,64.48580097898045,64.65080753513817,64.63082411325638,67.71144227351662,55.00791295956372,72.40131654412988,64.0,12
2026-09-28 06:00:00+00:00,2026-09-28 02:00:00-04:00,267,63.65785811570485,65.09037900874635,67.0,63.72825931698163,63.90622446419907,63.89375551185028,66.89660148301421,54.2503712975649,71.64377488213107,61.0,12
2026-09-28 07:00:00+00:00,2026-09-28 03:00:00-04:00,268,62.922578416136304,64.45348837209302,66.0,62.99200858186279,63.181144756100586,63.175869353458616,66.16132178344567,53.51412056244606,70.90752414701223,58.0,12
2026-09-28 08:00:00+00:00,2026-09-28 04:00:00-04:00,269,62.300611552116656,63.846376811594205,64.0,62.36908407567282,62.56457826015527,62.56530128597885,66.18228059618292,52.89119605625609,70.28459964082226,58.0,12
2026-09-28 09:00:00+00:00,2026-09-28 05:00:00-04:00,270,61.95935446313101,63.47674418604651,63.0,62.02688255316352,62.22145637980442,62.22538471287163,65.16628460636396,52.54899453374679,69.94239811831295,57.0,12
2026-09-28 10:00:00+00:00,2026-09-28 06:00:00-04:00,271,62.09639910062944,63.002906976744185,61.0,62.16299578359962,62.34819693004077,62.35064573405099,65.3033292438624,52.68510776418289,70.07851134874906,56.0,12
2026-09-28 11:00:00+00:00,2026-09-28 07:00:00-04:00,272,62.87909055415909,62.71884057971015,61.0,62.94476867685582,63.11269201455397,63.10737084010088,65.70899554746212,53.46688065743909,70.86028424200526,56.0,12
2026-09-28 12:00:00+00:00,2026-09-28 08:00:00-04:00,273,64.3855168966075,63.594202898550726,63.0,64.4502891286254,64.59530320492138,64.57517130336073,67.21542188991053,54.97240110920867,72.36580469377483,58.0,12
2026-09-28 13:00:00+00:00,2026-09-28 09:00:00-04:00,274,66.56370903287777,66.66376811594203,69.0,66.6275878690612,66.74763065326303,66.7061488982128,69.82004236492418,57.14969984964447,74.54310343421064,63.0,12
2026-09-28 14:00:00+00:00,2026-09-28 10:00:00-04:00,275,69.22133830776274,69.80057971014493,73.0,69.28433607061616,69.38144727119304,69.3139344780318,72.47767163980915,59.80644805119943,77.1998516357656,69.0,12
2026-09-28 15:00:00+00:00,2026-09-28 11:00:00-04:00,276,72.05032418124605,72.69855072463768,78.0,72.11245302331105,72.19240180258475,72.09715898204924,75.30665751329246,62.63456500389432,80.02796858846048,73.0,12
2026-09-28 16:00:00+00:00,2026-09-28 12:00:00-04:00,277,74.68159394082731,74.90144927536232,80.0,74.74286584702688,74.81396198517844,74.69287213186792,77.99621101762455,65.26497782761015,82.65838141217631,75.0,12
2026-09-28 17:00:00+00:00,2026-09-28 13:00:00-04:00,278,76.75721586171048,76.56811594202898,82.0,76.81764265166095,76.88902561377607,76.74745844197678,80.07183293850771,67.33975463224422,84.73315821681038,76.0,12
2026-09-28 18:00:00+00:00,2026-09-28 14:00:00-04:00,279,78.00240156529917,77.76521739130435,83.0,78.0619948955903,78.1418243691295,77.98784360346296,81.3170186420964,68.58410687617356,85.97751046073974,78.0,12
2026-09-28 19:00:00+00:00,2026-09-28 15:00:00-04:00,280,78.2797136182107,78.37790697674419,84.0,78.3384849846543,78.4324744171658,78.27551598620822,81.59433069500794,68.86059696523756,86.25400054980373,80.0,12
2026-09-28 20:00:00+00:00,2026-09-28 16:00:00-04:00,281,77.61227673992086,78.36521739130434,86.0,77.6702374797683,77.78087472033431,77.63019283762449,81.25049457320614,68.19234946035158,85.58575304491774,80.0,12
2026-09-28 21:00:00+00:00,2026-09-28 17:00:00-04:00,282,76.17070052352591,77.89855072463769,86.0,76.2278618176552,76.35447463460474,76.21770571038654,80.11396878989511,66.74997379823847,84.14337738280463,78.0,12
2026-09-28 22:00:00+00:00,2026-09-28 18:00:00-04:00,283,74.2276859625745,76.52173913043478,85.0,74.2840588376471,74.42365793286558,74.30581598034854,78.1709542289437,64.80617081823036,82.19957440279653,78.0,12
2026-09-28 23:00:00+00:00,2026-09-28 19:00:00-04:00,284,72.0924562294383,73.53488372093024,83.0,72.1480515600262,72.29667997861432,72.19978170199639,76.0357244958075,62.67016354060947,80.06356712517564,76.0,12
2026-09-29 00:00:00+00:00,2026-09-28 20:00:00-04:00,285,70.04206888295542,70.50434782608696,78.0,70.09689739363894,70.25108721748317,70.1744412272019,73.68563911189759,60.61900937422221,78.01241295878837,73.0,12
2026-09-29 01:00:00+00:00,2026-09-28 21:00:00-04:00,286,68.2670479132367,68.95652173913044,76.0,68.32112018067326,68.47903888118894,68.42006500941022,71.5640750252969,58.84323216125653,76.2366357458227,71.0,12
2026-09-29 02:00:00+00:00,2026-09-28 22:00:00-04:00,287,66.84454857559813,67.75,72.0,66.89787503056255,67.05983911140757,67.01515509313786,70.14157568765833,57.41998701114581,74.81339059571198,71.0,12
2026-09-29 03:00:00+00:00,2026-09-28 23:00:00-04:00,288,65.74459450084574,67.0,71.0,65.79718543024237,65.96540167523797,65.93185909569604,69.04162161290594,56.319297410825634,73.7127009953918,70.0,12
2026-09-29 04:00:00+00:00,2026-09-29 00:00:00-04:00,289,64.86588136384485,66.24269005847954,68.0,64.91774691269198,65.09536182853918,65.0707449408782,68.16290847590506,55.43985889327525,72.83326247784142,67.0,13
2026-09-29 05:00:00+00:00,2026-09-29 01:00:00-04:00,290,64.08966059727891,65.44897959183673,68.0,64.14081077066578,64.33054675466005,64.31375681437841,67.38668770933911,54.66292275124905,72.05632633581521,68.0,13
2026-09-29 06:00:00+00:00,2026-09-29 02:00:00-04:00,291,63.33544267070708,64.76900584795321,67.0,63.38588733572391,63.58866581475321,63.57936946515503,66.57418603801645,53.907999316307176,71.30140290087334,69.0,13
2026-09-29 07:00:00+00:00,2026-09-29 03:00:00-04:00,292,62.60196667275721,64.13119533527697,66.0,62.65171556039856,62.86567947896451,62.86355945671186,65.84071004006657,53.17382754098183,70.56723112554799,69.0,13
2026-09-29 08:00:00+00:00,2026-09-29 04:00:00-04:00,293,61.98113649823229,63.52325581395349,64.0,62.030199205274286,62.25044594725113,62.254312058518224,65.86280554229856,52.55231118585756,69.94571477042372,68.0,13
2026-09-29 09:00:00+00:00,2026-09-29 05:00:00-04:00,294,61.64026326585282,63.14868804664723,63.0,61.68864925670436,61.90779711751324,61.91486210072146,64.76859284427266,52.21076123728763,69.6041648218538,68.0,13
2026-09-29 10:00:00+00:00,2026-09-29 06:00:00-04:00,295,61.77690474209206,62.66180758017493,61.0,61.82462335062055,62.03411023162041,62.039695639784256,64.6556349121709,52.34673533120382,69.74013891576999,68.0,13
2026-09-29 11:00:00+00:00,2026-09-29 07:00:00-04:00,296,62.55842578870546,62.38081395348837,61.0,62.60548622003738,62.79729850329271,62.79512036722478,65.06013080885438,53.127598200620646,70.52100178518681,65.0,13
2026-09-29 12:00:00+00:00,2026-09-29 08:00:00-04:00,297,64.0629868311383,63.21511627906977,63.0,64.10939816343488,64.27780482366735,64.26082852098686,66.56469185128722,54.631510144018144,72.02491372858431,66.0,13
2026-09-29 13:00:00+00:00,2026-09-29 09:00:00-04:00,298,66.23873872796806,66.30813953488372,69.0,66.28450991417651,66.42736527878499,66.38905703499584,69.16687208686034,56.80662189475978,74.20002547932594,69.0,13
2026-09-29 14:00:00+00:00,2026-09-29 10:00:00-04:00,299,68.89351213979184,69.45697674418605,73.0,68.93865200937242,69.05793399677805,68.99361683762393,71.82164549868412,59.46076398995569,76.85416757452185,73.0,13
2026-09-29 15:00:00+00:00,2026-09-29 11:00:00-04:00,300,71.71941427166308,72.38081395348837,78.0,71.76393153229235,71.8653737928829,71.77335150925667,74.64754763055538,62.286043512875615,79.67944709744178,77.0,13
2026-09-29 16:00:00+00:00,2026-09-29 12:00:00-04:00,301,74.34757570891617,74.58430232558139,80.0,74.3914789481667,74.48338465958675,74.36554140558573,77.33399281255929,64.91359092874995,82.30699451331613,80.0,13
2026-09-29 17:00:00+00:00,2026-09-29 13:00:00-04:00,302,76.42026964034419,76.25,82.0,76.46356732734117,76.55509892016583,76.41680386974323,79.40668674398731,66.98567930792444,84.3790828924906,78.0,13
2026-09-29 18:00:00+00:00,2026-09-29 14:00:00-04:00,303,77.66290017461519,77.45930232558139,83.0,77.70560066167016,77.8049689995509,77.6542836746632,80.64931727825831,68.22771264225344,85.6211162268196,79.0,13
2026-09-29 19:00:00+00:00,2026-09-29 15:00:00-04:00,304,77.93819675439822,78.10495626822157,84.0,77.98030827862026,78.09330291665582,77.9396595324422,80.92461385804134,68.50242025920352,85.89582384376969,80.0,13
2026-09-29 20:00:00+00:00,2026-09-29 16:00:00-04:00,305,77.26941393944563,78.12790697674419,86.0,77.31094462433033,77.44014947382566,77.29279727479904,80.5794317995768,67.8330566049136,85.22646018947977,79.0,13
2026-09-29 21:00:00+00:00,2026-09-29 17:00:00-04:00,306,75.82724524526651,77.6686046511628,86.0,75.86820310226307,76.01305561442855,75.87962512747926,79.4423135384816,66.39031508284634,83.7837186674125,79.0,13
2026-09-29 22:00:00+00:00,2026-09-29 18:00:00-04:00,307,73.884423937959,76.26162790697674,85.0,73.92481686801558,74.08244378907412,73.96794263362388,77.49949223117409,64.44692884859884,81.84033243316502,80.0,13
2026-09-29 23:00:00+00:00,2026-09-29 19:00:00-04:00,308,71.75015162218149,73.19533527696792,83.0,71.78998741726943,71.95654650849984,71.86298492331309,75.36521991539658,62.3120993978527,79.70550298241886,76.0,13
2026-09-30 00:00:00+00:00,2026-09-29 20:00:00-04:00,309,69.70141194866689,70.14825581395348,78.0,69.74069829328377,69.91282742825506,69.8395079302522,73.01678220445494,60.26281027386704,77.6562138584332,71.0,13
2026-09-30 01:00:00+00:00,2026-09-29 21:00:00-04:00,310,67.92860774490477,68.6046511627907,76.0,67.96735221755678,68.14330874875976,68.08764586640108,70.89743488381086,58.48946419814005,75.88286778270621,71.0,13
2026-09-30 02:00:00+00:00,2026-09-29 22:00:00-04:00,311,66.50873417100054,67.39067055393586,72.0,66.54694424566445,66.72711274635996,66.6857200643174,69.47756130990663,57.06905622624772,74.46245981081388,70.0,13
2026-09-30 03:00:00+00:00,2026-09-29 23:00:00-04:00,312,65.41162681637425,66.62973760932945,71.0,65.44930986393912,65.63593896125917,65.60566535208069,68.38045395528034,55.97142184452239,73.36482542908855,70.0,13
2026-09-30 04:00:00+00:00,2026-09-30 00:00:00-04:00,313,64.53577826531078,65.87683284457478,68.0,64.57294155499984,64.76919074324744,64.74781937062144,67.50460540421687,55.09505353558311,72.48845712014928,68.0,14
2026-09-30 05:00:00+00:00,2026-09-30 01:00:00-04:00,314,63.76223573372708,65.08771929824562,68.0,63.798886434500055,64.00746157646914,63.99389430372615,66.73106287263317,54.32099841508333,71.7144019996495,66.0,14
2026-09-30 06:00:00+00:00,2026-09-30 02:00:00-04:00,315,63.01031834277077,64.41935483870968,67.0,63.04646352470673,63.268241331192726,63.262147064356746,65.92086173692603,53.56857550529,70.96197908985617,65.0,14
2026-09-30 07:00:00+00:00,2026-09-30 03:00:00-04:00,316,62.27859980807221,63.78654970760234,66.0,62.31424644373345,62.54730021624158,62.54836545362062,65.1918945030026,52.83635842431672,70.22976200888289,63.0,14
2026-09-30 08:00:00+00:00,2026-09-30 04:00:00-04:00,317,61.658855948613365,63.16618075801749,64.0,61.69401091439046,61.93334841282301,61.94038796238808,65.13372445471241,52.21612289497373,69.6095264795399,62.0,14
2026-09-30 09:00:00+00:00,2026-09-30 05:00:00-04:00,318,61.31831586582001,62.80409356725146,63.0,61.35298594325828,61.59112215739568,61.60135465571796,64.11844547108574,51.87509792384154,69.26850150840771,61.0,14
2026-09-30 10:00:00+00:00,2026-09-30 06:00:00-04:00,319,61.45450696898282,62.30409356725146,61.0,61.4886988460905,61.71696191295957,61.7257153023558,64.25463657424855,52.01081082667377,69.40421441123993,61.0,14
2026-09-30 11:00:00+00:00,2026-09-30 07:00:00-04:00,320,62.23481748202555,62.00583090379008,61.0,62.26853775456397,62.47880548761496,62.47980224057556,64.62258192892823,52.79064973514724,70.18405331971341,61.0,14
2026-09-30 12:00:00+00:00,2026-09-30 08:00:00-04:00,321,63.73748328911785,62.819241982507286,63.0,63.77073846187379,63.95718002755449,63.94339157352018,66.1224964352454,54.29285044245706,71.68625402702322,62.0,14
2026-09-30 13:00:00+00:00,2026-09-30 09:00:00-04:00,322,65.91077761197565,65.96501457725948,69.0,65.94357410001611,66.1039597379224,66.06885754902498,68.72221909684657,56.465686080599376,73.85908966516554,65.0,14
2026-09-30 14:00:00+00:00,2026-09-30 10:00:00-04:00,323,68.56269197449808,69.12303206997085,73.0,68.59503610440778,68.73128124810106,68.67019243156962,71.374133459369,59.11714808499105,76.51055166955722,72.0,14
2026-09-30 15:00:00+00:00,2026-09-30 11:00:00-04:00,324,71.38552190605498,72.10495626822157,78.0,71.41741991715682,71.53522174046515,71.44645272365933,74.1969633909259,61.93953189774009,79.33293548230625,76.0,14
2026-09-30 16:00:00+00:00,2026-09-30 12:00:00-04:00,325,74.0106008608052,74.3265306122449,80.0,74.0420589063638,74.1497127482928,74.03514869613647,76.88032609042695,64.56417088694707,81.95757447151324,79.0,14
2026-09-30 17:00:00+00:00,2026-09-30 13:00:00-04:00,326,76.0804055328998,75.99416909620992,82.0,76.11142968130856,76.21811944806132,76.0831288506907,78.95013076252155,66.63354166189183,84.026945246458,82.0,14
2026-09-30 18:00:00+00:00,2026-09-30 14:00:00-04:00,327,77.32053022693218,77.23615160349854,83.0,77.35112646288381,77.46511248660923,77.31775453483634,80.19025545655393,67.87323844346707,85.26664202803325,85.0,14
2026-09-30 19:00:00+00:00,2026-09-30 15:00:00-04:00,328,77.59386824380478,77.88011695906432,84.0,77.62404246944585,77.75118853899151,77.60089162983536,80.46359347342653,68.14615445002912,85.53955803459529,84.0,14
2026-09-30 20:00:00+00:00,2026-09-30 16:00:00-04:00,329,76.92380044568769,77.90087463556851,86.0,76.95355848175716,77.09654259476882,76.95255092999471,77.42282420339166,67.47567046234042,84.86907404690659,85.0,14
2026-09-30 21:00:00+00:00,2026-09-30 17:00:00-04:00,330,75.48110045473035,77.44314868804665,86.0,75.51044804168238,75.66881532628358,75.53875351171571,76.28517464551824,66.03256002226564,83.42596360683181,85.0,14
2026-09-30 22:00:00+00:00,2026-09-30 18:00:00-04:00,331,73.5385299771364,75.99708454810495,85.0,73.56747277624777,73.73846406201454,73.62733332416778,74.34260416792429,64.08958475683104,81.4829883413972,84.0,14
2026-09-30 23:00:00+00:00,2026-09-30 19:00:00-04:00,332,71.40526546320945,72.84502923976608,83.0,71.43380905767155,71.61369497909558,71.52349913071942,72.20933965399733,61.95592103825482,79.34932462282099,81.0,14
2026-10-01 00:00:00+00:00,2026-09-30 20:00:00-04:00,333,69.35821356046631,69.79883381924198,78.0,69.38636345646229,69.57188601986435,69.50192155962505,69.86258971382716,59.90847543704556,77.30187902161173,76.0,14
2026-10-01 01:00:00+00:00,2026-09-30 21:00:00-04:00,334,67.58765354234193,68.29446064139941,76.0,67.61541517010876,67.80492018863602,67.7525964472493,67.74548657882082,58.13752715069203,75.5309307352582,71.0,14
2026-10-01 02:00:00+00:00,2026-09-30 22:00:00-04:00,335,66.17041895000071,67.06432748538012,72.0,66.19779766487676,66.39173663867939,66.35366317989377,66.3282519864796,56.71990964546003,74.1133132300262,71.0,14
2026-10-01 03:00:00+00:00,2026-09-30 23:00:00-04:00,336,65.07615678010205,66.35087719298245,71.0,65.10315786356011,65.30382041926977,65.27684354696962,65.23398981658094,55.62526984414338,73.01867342870955,69.0,14
