model,forecast_day,n,rmse_f,mae_f,bias_f,r2
baseline_climatology,1,24,6.982797616500342,5.65758618635574,-4.8495601273801645,0.5259599569509065
baseline_climatology,2,24,9.376878072966335,8.947902535202543,-8.947902535202543,-1.0750311476084513
baseline_climatology,3,24,6.622739228986841,6.553234123049734,-6.553234123049734,-0.4932176097649301
baseline_climatology,4,24,7.175787071590151,6.516779615126374,-6.516779615126374,0.2272992398979521
baseline_climatology,5,24,8.971273510953013,8.22593600601749,-8.22593600601749,-0.30705534800937384
baseline_climatology,6,24,3.297817448925533,2.960758739982877,-0.9536538695446742,0.5467188453235803
baseline_climatology,7,24,11.134363337973797,9.549422086405288,9.549422086405288,-68.80356895268879
baseline_climatology,8,24,11.364918024566466,10.357915487411796,10.357915487411796,-56.44937787038354
baseline_climatology,9,24,9.733106031469388,9.440803687411568,9.440803687411568,-0.9736829073468967
baseline_climatology,10,24,8.826763369978304,6.9230088357327775,6.47031911431107,0.3722331484660949
baseline_climatology,11,24,5.08057812085482,3.7547122067858845,3.2971537750191082,0.6599608945143489
baseline_climatology,12,24,3.659595284420413,2.838919361969353,1.2444378315749243,0.8027876244004186
baseline_climatology,13,24,3.315837386436866,2.9961319328881717,-2.9961319328881717,0.5757642093906443
baseline_climatology,14,24,4.56732463926737,3.7128127176020533,-3.0585622956287537,0.7309051842778762
baseline_yesterday,1,24,4.924428900898052,4.25,-4.25,0.7642412274039192
baseline_yesterday,2,24,9.38971068066885,8.333333333333334,-8.083333333333334,-1.0807145491047652
baseline_yesterday,3,24,6.3377177806105145,5.416666666666667,-5.416666666666667,-0.36745670547904696
baseline_yesterday,4,24,5.232112384114087,5.041666666666667,-5.041666666666667,0.5892038349312214
baseline_yesterday,5,24,8.121473593710277,7.541666666666667,-6.458333333333333,-0.07116273824292318
baseline_yesterday,6,24,6.031169040907409,5.208333333333333,1.0416666666666667,-0.5160636758321273
baseline_yesterday,7,24,14.520101009749668,11.75,11.75,-117.70967741935483
baseline_yesterday,8,24,14.849242404917497,12.833333333333334,12.833333333333334,-97.07567567567568
baseline_yesterday,9,24,12.419742348374221,12.166666666666666,12.166666666666666,-2.2136579013997904
baseline_yesterday,10,24,10.087120500916008,9.5,9.5,0.1801586302404633
baseline_yesterday,11,24,7.091661770464428,6.708333333333333,6.708333333333333,0.33748055987558323
baseline_yesterday,12,24,5.373546315051169,5.041666666666667,5.041666666666667,0.5748031496062992
baseline_yesterday,13,24,4.227883631321941,3.4583333333333335,1.125,0.3102893890675241
baseline_yesterday,14,24,1.9685019685029528,1.5416666666666667,1.375,0.9500134372480517
anomaly_tau72,1,24,6.200426412460888,5.360057263434652,-3.0070077007067564,0.6262344808497757
anomaly_tau72,2,24,8.211823882705444,7.820857398508909,-7.820857398508909,-0.5914292478718886
anomaly_tau72,3,24,6.099059945184338,5.943872065433297,-5.943872065433297,-0.26640785837297365
anomaly_tau72,4,24,7.044829247427845,6.222851086224896,-6.222851086224896,0.2552453987015707
anomaly_tau72,5,24,8.916289451854944,8.197267448022219,-8.197267448022219,-0.2910828163813466
anomaly_tau72,6,24,3.1733354103385105,2.8925791562262932,-1.187039468733645,0.5802928225131136
anomaly_tau72,7,24,10.762546452073522,9.079288937877308,9.079288937877308,-64.21941928898461
anomaly_tau72,8,24,10.884919767218054,9.753936152685933,9.753936152685933,-51.6990977012618
anomaly_tau72,9,24,9.16178165152259,8.701583352817382,8.701583352817382,-0.7487766479321947
anomaly_tau72,10,24,8.21905494403254,6.658433973449939,5.664871185446997,0.4556989415745124
anomaly_tau72,11,24,4.603689900740382,3.6816188941334587,2.513561412912803,0.7208004445051894
anomaly_tau72,12,24,3.609136822949014,3.0020346956036996,0.49393618628552244,0.8081884569614095
anomaly_tau72,13,24,4.160964445364183,3.7716324133535934,-3.7716324133535934,0.33195015631183833
anomaly_tau72,14,24,5.270061760550745,4.270368757480779,-3.8683241653305576,0.6417279102174355
ols_harmonics,1,24,7.426203168818593,5.981323167302459,-5.27866667774464,0.4638457262201786
ols_harmonics,2,24,9.75379850418688,9.400296214809007,-9.400296214809007,-1.2452031429475254
ols_harmonics,3,24,7.152922106448177,7.026004412928345,-7.026004412928345,-0.741866169672383
ols_harmonics,4,24,7.669109972051284,6.947364061272979,-6.947364061272979,0.1174035350216791
ols_harmonics,5,24,9.361097212561036,8.664278795804199,-8.664278795804199,-0.423112699595646
ols_harmonics,6,24,3.310900233325261,2.985043793884273,-1.4683164712913797,0.5431152847685121
ols_harmonics,7,24,10.633380845866824,8.932290797743297,8.932290797743297,-62.66336462446778
ols_harmonics,8,24,10.83056531279717,9.704313260511794,9.704313260511794,-51.17410001311568
ols_harmonics,9,24,9.178377291778014,8.722856817907322,8.722856817907322,-0.7551178497880553
ols_harmonics,10,24,8.281859966290812,6.699174068322343,5.738029641609025,0.4473487236459739
ols_harmonics,11,24,4.676296647760662,3.7134489774480492,2.624942124377615,0.7119242476761967
ols_harmonics,12,24,3.644045959195285,3.0113207927787378,0.6337068282442019,0.8044599430214994
ols_harmonics,13,24,4.007885259010892,3.6105615693696187,-3.6105615693696187,0.3802002218882262
ols_harmonics,14,24,5.157830574592189,4.178415441847505,-3.6910796648935786,0.6568249450853256
ridge_a1000_trend0,1,24,7.525739568959958,6.062258510511557,-5.377682010419974,0.4493768209284801
ridge_a1000_trend0,2,24,9.84840002935993,9.49648405819095,-9.49648405819095,-1.2889665377825565
ridge_a1000_trend0,3,24,7.241828383565024,7.1193222413779464,-7.1193222413779464,-0.7854358485795028
ridge_a1000_trend0,4,24,7.766767324735455,7.037770306155655,-7.037770306155655,0.0947827059788161
ridge_a1000_trend0,5,24,9.451218580059964,8.751732873721572,-8.751732873721572,-0.45064584429030985
ridge_a1000_trend0,6,24,3.3250379365362224,2.9935486913478395,-1.5527788118760473,0.5392051148381104
ridge_a1000_trend0,7,24,10.535560412748747,8.850858724497053,8.850858724497053,-61.49742632390111
ridge_a1000_trend0,8,24,10.736394019067761,9.625948917407909,9.625948917407909,-50.27074143847122
ridge_a1000_trend0,9,24,9.111662327030565,8.64759657422468,8.64759657422468,-0.7296956938696049
ridge_a1000_trend0,10,24,8.266729424685199,6.678029130559125,5.665908747320898,0.44936621120720266
ridge_a1000_trend0,11,24,4.670123810101909,3.7068848856811,2.5559946849392214,0.7126842812330041
ridge_a1000_trend0,12,24,3.666296588070494,3.0396896094557913,0.5679657799733532,0.8020647083828185
ridge_a1000_trend0,13,24,4.054696168833546,3.6730644832943113,-3.6730644832943113,0.36563751685324364
ridge_a1000_trend0,14,24,5.2327774484311265,4.235240694559095,-3.7503139177928873,0.6467793411473126
hgb_neighbors_l15,1,24,5.047417221615009,4.593231379093961,-1.439183124835484,0.7523179524563923
hgb_neighbors_l15,2,24,3.428276418005486,2.927289392408003,-2.0664324750289595,0.7226298349574526
hgb_neighbors_l15,3,24,1.3361031344235357,0.9237702692358619,0.42098443521734197,0.939224609407752
hgb_neighbors_l15,4,24,3.1081011676216708,2.7464717856699856,0.4949212457232157,0.8550352049795069
hgb_neighbors_l15,5,24,3.8249633511319456,3.282885283859199,-1.5856015394139635,0.7624033350851063
hgb_neighbors_l15,6,24,4.574832230343132,3.9226331623308215,3.9226331623308215,0.12770218502077302
hgb_neighbors_l15,7,24,11.93070107423713,10.933091707904985,10.933091707904985,-79.14543284333774
hgb_neighbors_l15,8,24,11.658106334021786,10.60814745022665,10.60814745022665,-59.45173076303222
hgb_neighbors_l15,9,24,10.833170380079677,10.496571455058266,10.496571455058266,-1.4450380279483972
hgb_neighbors_l15,10,24,10.076828890613402,8.544431243153776,8.531854001169249,0.18183069981054278
hgb_neighbors_l15,11,24,6.882629637216621,5.8042018487489315,5.8042018487489315,0.37596147981654615
hgb_neighbors_l15,12,24,5.116508232170972,3.9607279320889357,3.8093277071359584,0.6145079727434545
hgb_neighbors_l15,13,24,1.826226846232659,1.5192409717573228,-0.6880952512817154,0.8713142960552713
hgb_neighbors_l15,14,24,4.66275367730077,3.909485594568663,-1.8413253384329387,0.7195428516396859
